,eprintid,title,rev_number,metadata_visibility,status_changed,eprint_status,subjects,creators,dir,type,divisions,book_title,ispublished,documents,publisher,full_text_status,uri,refereed,userid,lastmod,datestamp,publication,abstract,issn,event_type,event_dates,event_title,event_location,pres_type,number,pagerange,date_type,volume,official_url,related_url,isbn,place_of_pub,monograph_type
0,34579,Pengantar Hukum Internasional Teknologi Informasi Internasional (haki),7,show,2021-10-25 03:18:34,archive,['K1'],"[{'name': {'honourific': None, 'family': '<font style=""vertical-align: inherit;""><font style=""vertical-ali', 'lineage': None, 'given': '<font style=""vertical-align: inherit;""><font style=""vertical-ali'}}]",disk0/00/03/45/79,book_section,['FH1'],Pengantar Hukum Internasional Teknologi Informasi Internasional (haki),pub,"[{'rev_number': 1, 'uri': 'http://repository.lppm.unila.ac.id/id/document/155132', 'format': 'text', 'pos': 1, 'files': [{'filesize': 1555950, 'datasetid': 'document', 'mtime': '2021-10-22 07:56:37', 'hash_type': 'MD5', 'hash': 'a6cc69c7fc764c3d88444fecf2c5992d', 'filename': 'Haki Bayu.pdf', 'fileid': 406457, 'mime_type': 'application/pdf', 'uri': 'http://repository.lppm.unila.ac.id/id/file/406457', 'objectid': 155132}], 'main': 'Haki Bayu.pdf', 'docid': 155132, 'language': 'en', 'mime_type': 'application/pdf', 'security': 'public', 'placement': 1, 'eprintid': 34579}]",ZAM ZAM TOWER,public,http://repository.lppm.unila.ac.id/id/eprint/34579,FALSE,276,2021-10-25 03:18:34,2021-10-25 03:18:34,,,,,,,,,,,,,,,,,
1,50256,"IMPLEMENTATION OF
RESTORATIVE JUSTICE ON
CRIMINAL ACTS OF PARENT
ABUSE AGAINST BIRST
CHILDREN",6,show,2023-04-11 07:51:41,archive,['K1'],"[{'id': 'aisyahhkm@gmail.com', 'name': {'given': 'Aisyah', 'lineage': None, 'family': 'Aisyah Muda Cemerlang', 'honourific': None}}, {'name': {'given': 'Heni Siswanto', 'family': 'Heni Siswanto', 'honourific': None, 'lineage': None}, 'id': 'siswanto_heni@gmail.com2'}]",disk0_bak/00/05/02/56,article,['FH1'],,pub,"[{'main': 'IMPLEMENTATION.pdf', 'docid': 189953, 'files': [{'uri': 'http://repository.lppm.unila.ac.id/id/file/542963', 'objectid': 189953, 'hash_type': 'MD5', 'mtime': '2023-04-11 07:47:16', 'filename': 'IMPLEMENTATION.pdf', 'hash': '3b23232d6b04df3585a212474d71e1e2', 'fileid': 542963, 'mime_type': 'application/pdf', 'filesize': 808036, 'datasetid': 'document'}], 'format': 'text', 'pos': 1, 'rev_number': 1, 'uri': 'http://repository.lppm.unila.ac.id/id/document/189953', 'eprintid': 50256, 'security': 'public', 'placement': 1, 'mime_type': 'application/pdf', 'language': 'en'}]",,public,http://repository.lppm.unila.ac.id/id/eprint/50256,FALSE,18897,2023-04-11 07:51:41,2023-04-11 07:51:41,journal.unnes.ac.id,Hasil Check Similarity,,,,,,,,,,,,,,,
2,25916,A Resettlement Action Plan Design for Land Acquisition in Indonesia,6,show,2020-11-18 01:30:26,archive,['K1'],"[{'name': {'given': 'Muhammad', 'honourific': None, 'family': 'Akib', 'lineage': None}, 'id': None}, {'name': {'family': 'Tisnanta', 'honourific': None, 'lineage': None, 'given': 'HS'}, 'id': None}, {'name': {'given': 'FX', 'family': 'Sumarja', 'honourific': None, 'lineage': None}, 'id': 'fxsmj.unila@gmail.com'}, {'name': {'given': 'Ade Arif', 'lineage': None, 'honourific': None, 'family': 'Firmansyah'}, 'id': None}]",disk0/00/02/59/16,article,['FH1'],,pub,"[{'mime_type': 'application/pdf', 'language': 'en', 'eprintid': 25916, 'security': 'public', 'placement': 1, 'format': 'text', 'pos': 1, 'uri': 'http://repository.lppm.unila.ac.id/id/document/39712', 'rev_number': 1, 'docid': 39712, 'main': '13561_Akib_2020_E_R.pdf', 'files': [{'datasetid': 'document', 'filesize': 179055, 'fileid': 232948, 'mime_type': 'application/pdf', 'hash_type': 'MD5', 'mtime': '2020-11-17 14:37:01', 'filename': '13561_Akib_2020_E_R.pdf', 'hash': '1e773836effd12bb40f771a414af48a1', 'objectid': 39712, 'uri': 'http://repository.lppm.unila.ac.id/id/file/232948'}]}]",Primrose Hall Publishing Group,public,http://repository.lppm.unila.ac.id/id/eprint/25916,TRUE,1069,2020-11-18 01:30:26,2020-11-18 01:30:26,"International Journal of Innovation, Creativity and Change",,2201-1315,,,,,,,,,,,,,,
3,50469,"AKTUALISASI NILAI-NILAI PANCASILA DALAM KEBIJAKANPENAL
PENANGGULANGAN ILLEGAL FISHING BERBASIS KEBERLANJUTAN
SUMBER DAYA ALAM DI BIDANG PERIKANAN",6,show,2023-04-13 03:41:18,archive,['K1'],"[{'id': 'siswanto_heni@gmail.com2', 'name': {'given': 'Heni Siswanto', 'family': 'Heni Siswanto', 'honourific': None, 'lineage': None}}]",disk0_bak/00/05/04/69,article,['FH1'],,pub,"[{'files': [{'mime_type': 'application/pdf', 'fileid': 544527, 'filename': 'AKTUALISASI NILAI-NILAI PANCASILA.pdf', 'hash': '039b2e55e0b7e2a905fd4a9ece4c17e8', 'hash_type': 'MD5', 'mtime': '2023-04-13 03:32:57', 'datasetid': 'document', 'filesize': 507751, 'objectid': 190174, 'uri': 'http://repository.lppm.unila.ac.id/id/file/544527'}], 'main': 'AKTUALISASI NILAI-NILAI PANCASILA.pdf', 'docid': 190174, 'uri': 'http://repository.lppm.unila.ac.id/id/document/190174', 'rev_number': 1, 'pos': 1, 'format': 'text', 'placement': 1, 'security': 'public', 'eprintid': 50469, 'mime_type': 'application/pdf', 'language': 'en'}]",,public,http://repository.lppm.unila.ac.id/id/eprint/50469,TRUE,18897,2023-04-13 03:41:18,2023-04-13 03:41:18,https://pak.unila.ac.id/dosen/file_penelitian/12075,,,,,,,,,,,,,,,,
4,21437,Pendampingan Peningkatan Peranan Pemerintah Desa Di Pesisir Lampung Untuk Mewujudkan Visi Indonesia Sebagai Poros Maritim Dunia,8,show,2020-06-02 05:01:49,archive,['K1'],"[{'name': {'lineage': None, 'honourific': None, 'family': 'Heryandi', 'given': 'Heryandi'}, 'id': 'heryandi.1962@fh.unila.ac.id'}, {'name': {'given': 'Budiyono', 'lineage': None, 'honourific': None, 'family': 'Budiyono'}, 'id': None}, {'name': {'given': 'Arif Firmansyah', 'lineage': None, 'family': 'Ade', 'honourific': None}, 'id': None}]",disk0/00/02/14/37,conference_item,['FH1'],,pub,"[{'eprintid': 21437, 'security': 'public', 'placement': 1, 'mime_type': 'application/pdf', 'language': 'en', 'docid': 34842, 'main': 'Prosiding Pengabdian Cendi.pdf', 'files': [{'objectid': 34842, 'uri': 'http://repository.lppm.unila.ac.id/id/file/199070', 'mime_type': 'application/pdf', 'fileid': 199070, 'filename': 'Prosiding Pengabdian Cendi.pdf', 'hash': '6f7b20b3bc09beb4277f872f21e0f662', 'mtime': '2020-06-02 03:55:21', 'hash_type': 'MD5', 'datasetid': 'document', 'filesize': 1425277}], 'format': 'text', 'pos': 1, 'uri': 'http://repository.lppm.unila.ac.id/id/document/34842', 'rev_number': 1}]",,public,http://repository.lppm.unila.ac.id/id/eprint/21437,FALSE,1153,2020-06-02 05:01:49,2020-06-02 05:01:49,,,,conference,14 November 2019,Seminar Hasil Pengabdian Kepada Masyarakat DIPA BLU Universitas Lampung Tahun 2019,Hotel Emersia Bandar Lampung,paper,,,,,,,,,
5,25772,Harmonisasi Kewenangan Pengelolaan Sumber Daya Perikanan Di Era Otonomi Daerah Berbasis Pancasila,7,show,2020-11-17 06:37:03,archive,['K1'],"[{'id': 'mashurilanwar97@gmail.com', 'name': {'lineage': None, 'honourific': None, 'family': 'Mashuril Anwar', 'given': 'Mashuril'}}, {'name': {'lineage': None, 'family': 'Maya Shafira', 'honourific': None, 'given': 'Maya'}, 'id': 'mayashafira2@gmail.com'}, {'name': {'given': 'Sunarto', 'lineage': None, 'honourific': None, 'family': 'Sunarto'}, 'id': 'sunarto.54@fh.unila.ac.id'}]",disk0/00/02/57/72,article,['FH1'],,pub,"[{'rev_number': 1, 'uri': 'http://repository.lppm.unila.ac.id/id/document/39562', 'format': 'text', 'pos': 1, 'files': [{'fileid': 231926, 'mime_type': 'application/pdf', 'mtime': '2020-11-17 05:37:28', 'hash_type': 'MD5', 'filename': 'pancasila law review.pdf', 'hash': '6710aaf7894b1d5fd03eb7ae7287d5e2', 'datasetid': 'document', 'filesize': 641706, 'objectid': 39562, 'uri': 'http://repository.lppm.unila.ac.id/id/file/231926'}], 'docid': 39562, 'main': 'pancasila law review.pdf', 'mime_type': 'application/pdf', 'language': 'en', 'security': 'public', 'placement': 1, 'eprintid': 25772}]","Doktoral Ilmu Hukum, Fakultas Hukum, Universitas Lampung",public,http://repository.lppm.unila.ac.id/id/eprint/25772,TRUE,318,2020-11-17 06:37:03,2020-11-17 06:37:03,PANCASILA AND LAW REVIEW,"Konfigurasi kebijakan perikanan sebelum otonomi daerah menunjukkan hegemoni negara yang berpegang pada doktrin hukum kepemilikan bersama, sentralisme, dan anti pluralisme. Sejak era otonomi daerah, pemerintah provinsi dan kabupaten / kota memiliki kewenangan yang lebih koheren dalam mengelola potensi daerahnya, termasuk sumber daya perikanan. Dengan adanya pergeseran kewenangan dalam pengelolaan sumber daya perikanan tersebut diharapkan daerah dapat berperan dalam mengoptimalkan pemanfaatan potensi perikanan. Namun di sisi lain, pengelolaan sumber daya perikanan yang optimal sulit terwujud tanpa adanya kebijakan yang harmonis. Oleh karena itu, untuk mencegah terjadinya benturan kepentingan di bidang perikanan, nilai-nilai Pancasila perlu dihidupkan kembali dalam kebijakan pengelolaan sumber daya perikanan. Permasalahan yang dikaji dalam penelitian ini yaitu kewenangan pemerintah daerah dalam pengelolaan sumber daya perikanan di era otonomi daerah, masalah-masalah harmonisasi kewenangan pemerintah daerah dalam pengelolaan sumber daya perikanan, dan harmonisasi kewenangan pemerintah daerah dalam pengelolaan sumber daya perikanan berbasi nilai-nilai Pancasila. Dengan menggunakan pendekatan yuridis normatif, hasil penelitian menunjukkan bahwa kewenangan pemerintah daerah dalam pengelolaan sumber daya perikanan di era otonomi daerah meliputi kewenangan di bidang perikanan tangkap, kewenangan di bidang budidaya, kewenangan di bidang pengawasan sumber daya kelautan dan perikanan, serta kewenangan di bidang pengolahan dan pemasaran perikanan. Namun sejauh ini masih terdapa berbagai masalah disharmoni kewenangan pemerintah daerah dalam pengeloaan sumber daya perikanan. Selain itu, meskipun otonomi daerah diyakini memiliki berbagai keunggulan dalam mengoptimalkan potensi sumber daya alam, pengelolaan sumber daya perikanan yang dilakukan di era otonomi daerah masih belum sepenuhnya menjiwai nilai-nilai Pancasila sebagai falsafah bangsa Indonesia. 
  

 
 
55 
bidang pengawasan sumber daya kelautan dan perikanan, serta kewenangan di bidang pengolahan dan pemasaran perikanan. Namun sejauh ini masih terdapa berbagai masalah disharmoni kewenangan pemerintah daerah dalam pengeloaan sumber daya perikanan. Selain itu, meskipun otonomi daerah diyakini memiliki berbagai keunggulan dalam mengoptimalkan potensi sumber daya alam, pengelolaan sumber daya perikanan yang dilakukan di era otonomi daerah masih belum sepenuhnya menjiwai nilai-nilai Pancasila sebagai falsafah bangsa Indonesia. 
Kata Kunci: Perikanan; Pancasila; Otonomi Daerah",p-ISSN: 2723-262X,,,,,,1.0,54-65,published,1.0,,,,,
6,51793,"Urgensi Penerapan Restorative Justice Dalam Tindak Pidana 
Ringan Pada Aparatur Pemerintah Dan Masyarakat Pekon 
Payung Kecamatan Kota Agung Barat Kabupaten Tanggamus",7,show,2023-05-19 01:29:22,archive,['K1'],"[{'name': {'given': 'Maya Shafira', 'family': 'Maya Shafira', 'honourific': None, 'lineage': None}, 'id': 'mayashafira@fh.unila.ac.id'}, {'name': {'given': 'Deni Achmad', 'family': 'Deni Achmad', 'honourific': None, 'lineage': None}, 'id': 'deni.achmad@fh.unila.ac.id'}, {'id': 'dewiseptiana80@yahoo.co.id', 'name': {'family': 'Dewi Septiana', 'honourific': None, 'lineage': None, 'given': 'Dewi Septiana'}}, {'name': {'given': 'qqgadis@gmail.com', 'lineage': None, 'family': 'Sri Riski', 'honourific': None}, 'id': None}, {'id': 'aisyahhkm@gmail.com', 'name': {'given': 'Aisyah', 'family': 'Aisyah Muda Cemerlang', 'honourific': None, 'lineage': None}}]",disk0_bak/00/05/17/93,article,['FH1'],,pub,"[{'files': [{'mime_type': 'application/pdf', 'fileid': 613612, 'hash': '5bfbdc62b3370e1590d34d16ee0d6eb4', 'filename': 'JURNAL PKM NYIMAH.pdf', 'hash_type': 'MD5', 'mtime': '2023-05-18 03:07:37', 'datasetid': 'document', 'filesize': 256203, 'objectid': 250436, 'uri': 'http://repository.lppm.unila.ac.id/id/file/613612'}], 'main': 'JURNAL PKM NYIMAH.pdf', 'docid': 250436, 'uri': 'http://repository.lppm.unila.ac.id/id/document/250436', 'rev_number': 1, 'format': 'text', 'pos': 1, 'security': 'public', 'placement': 1, 'eprintid': 51793, 'mime_type': 'application/pdf', 'language': 'en'}]",FT Universitas Lampung,public,http://repository.lppm.unila.ac.id/id/eprint/51793,TRUE,318,2023-05-19 01:29:22,2023-05-19 01:29:22,Nemui Nyimah: Jurnal Pengabdian kepada Masyarakat,"Restorative justice is an alternative to enforcing criminal law or settling criminal 
cases where generally crimes are resolved through criminal prosecution in court, but this is 
resolved through dialogue between perpetrators, victims, the families of both parties, and other 
parties who are related to work together. seeking a just solution by emphasizing restoration to 
the original state and not retaliation. This activity aims to increase awareness and knowledge of 
Government Apparatuses and the Pekon Payung Community regarding restorative justice in 
the settlement of criminal cases and to find out the inhibiting factors and efforts to overcome 
obstacles in resolving criminal cases through restorative justice. The specific target in this 
research is to realize Pekon Payung Government Apparatuses and Communities who can 
maximally resolve criminal cases through restorative justice by providing mediation between 
perpetrators, victims, and the community to reach a mutual agreement in restoring the rights of 
perpetrators, victims, and the community, so that this is achieved. justice that is equitable and 
according to the wishes of the parties. The method used in achieving these goals is the delivery 
of material through counseling, directed discussions and question and answer. This activity is 
located in Pekon Payun, Kota Agung Barat District, Tanggamus Regency. Given the lack of 
knowledge of Pekon Payung Government Apparatuses and Communities regarding restorative 
justice, the expected results after the implementation of this activity are Government 
Apparatuses and Pekon Payung Communities who are able to resolve criminal cases through 
restorative justice with the maximum.
Keywords: Pekon Payung, Criminal, Restorative Justice",2808-0904,,,,,,,,published,,http://nemuinyimah.eng.unila.ac.id/index.php/nemuinyimah/article/view/58,[{'url': 'http://nemuinyimah.eng.unila.ac.id/index.php/nemuinyimah/article/view/58'}],,,
7,25775,Developing Criminal Policy on Illegal Fishing Countermeasures Under the New Normal Order In Indonesia: A Non-penal Perspective,7,show,2020-11-17 06:38:23,archive,['K1'],"[{'id': 'maya.shafira@fh.unila.ac.id', 'name': {'given': 'Maya Shafira', 'lineage': None, 'family': 'Maya Shafira', 'honourific': None}}, {'name': {'lineage': None, 'family': 'Mashuril Anwar', 'honourific': None, 'given': 'Mashuril Anwar'}, 'id': 'mashurilanwar97@gmail.com'}]",disk0/00/02/57/75,conference_item,['FH1'],,inpress,"[{'mime_type': 'application/pdf', 'language': 'en', 'placement': 1, 'security': 'public', 'eprintid': 25775, 'uri': 'http://repository.lppm.unila.ac.id/id/document/39566', 'rev_number': 1, 'pos': 1, 'format': 'text', 'files': [{'datasetid': 'document', 'filesize': 370046, 'mime_type': 'application/pdf', 'fileid': 231950, 'hash': 'f43c26210492ff3159b1f9ccd3f5a3a3', 'filename': 'Full Paper-Maya-Anwar-2020-English-confren.pdf', 'hash_type': 'MD5', 'mtime': '2020-11-17 05:50:10', 'objectid': 39566, 'uri': 'http://repository.lppm.unila.ac.id/id/file/231950'}], 'docid': 39566, 'main': 'Full Paper-Maya-Anwar-2020-English-confren.pdf'}]",,public,http://repository.lppm.unila.ac.id/id/eprint/25775,FALSE,318,2020-11-17 06:38:23,2020-11-17 06:38:23,,"Abstract. This article has the purpose of studying the ideal model for illegal fishing countermeasures in the ‘new normal’ order. Based on the findings of this research, in the ‘new normal’ order the current penal-oriented criminal policy on illegal fishing countermeasures can potentially raise various issues, both at the level of application as well as execution. It is therefore concluded that for optimal law enforcement against perpetrators of illegal fishing in the current era of ‘new normal’ order, criminal policy on illegal fishing counter-measures needs to emphasize non-penal measures by enhancing information technology-based control, strengthening deliberative democracy, and providing environment-oriented guidance.  
 
Keywords: new normal, criminal policy, illegal fishing.",,conference,26 September 2020,ICETLAWBE 2020,Fakultas Hukum UNILA,paper,,,completed,,,,,,
8,25864,KEBIJAKAN DEKONSENTRASI PENGELOLAAN PERIKANAN INDONESIA:  STUDI PADA PROVINSI LAMPUNG,7,show,2020-11-18 01:34:46,archive,['K1'],"[{'name': {'given': 'Maya Shafira', 'lineage': None, 'family': 'Maya Shafira', 'honourific': None}, 'id': 'mayashafira@fh.unila.ac.id'}, {'name': {'family': 'Mashuril Anwar', 'honourific': None, 'lineage': None, 'given': 'Mashuril Anwar'}, 'id': 'mashurilanwar97@gmail.com'}, {'id': 'muhammad.akib@fh.unila.ac.id', 'name': {'given': 'Muhammad Akib', 'lineage': None, 'family': 'Muhammad Akib', 'honourific': None}}]",disk0/00/02/58/64,conference_item,['FH1'],,inpress,"[{'placement': 1, 'security': 'public', 'eprintid': 25864, 'language': 'en', 'mime_type': 'application/pdf', 'files': [{'filesize': 563716, 'datasetid': 'document', 'hash': 'bb397ad8fdd32a36a8b754a5cddcdd01', 'filename': 'paper final Dekonsentrasi Pengelolaan Perikanan Indonesia-1.pdf', 'hash_type': 'MD5', 'mtime': '2020-11-17 10:30:13', 'mime_type': 'application/pdf', 'fileid': 232577, 'uri': 'http://repository.lppm.unila.ac.id/id/file/232577', 'objectid': 39659}], 'main': 'paper final Dekonsentrasi Pengelolaan Perikanan Indonesia-1.pdf', 'docid': 39659, 'uri': 'http://repository.lppm.unila.ac.id/id/document/39659', 'rev_number': 1, 'pos': 1, 'format': 'text'}]",,public,http://repository.lppm.unila.ac.id/id/eprint/25864,FALSE,318,2020-11-18 01:34:46,2020-11-18 01:34:46,,"ABSTRAK Bergesernya kewenangan pengelolaan sumber daya alam laut dari desentralisasi menjadi dekonsentrasi memberikan kewenangan pengelolaan sumber daya alam laut dan pulau-pulau kecil sejauh 12 mil di luar minyak dan gas bumi kepada pemerintah provinsi. Kondisi ini merupakan pekerjaan yang cukup berat khususnya bagi pemerintah Provinsi Lampung yang memiliki 7 (tujuh) Kabupaten/Kota Pesisir dan 132 pulau, sehingga menimbulkan kesulitan dalam pengelolaan sumber daya alam laut terutama sektor perikanan mengingat terbatasnya sumberdaya manusia dan sarana yang dimiliki. Penelitian ini bertujuan untuk mengetahui kebijakan pengelolaan perikanan di Provinsi Lampung, implikasi kebijakan dekonsentrasi pengelolaan perikanan bagi masyarakat pesisir Lampung, dan mengetahui strategi mengoptimalkan kebijakan dekonsentrasi pengelolaan perikanan di Provinsi Lampung. Penelitian ini menggunakan pendekatan doktrinal dengan meneliti berbagai bahan pustaka seperti peraturan perundang-undangan, buku, artikel dan data terkait permasalahan yang dibahas. Selanjutnya data dianalisis secara deskriptif. Berdasarkan hasil penelitian, kebijakan dekonsentrasi dalam pengelolaan perikanan menimbulkan beberapa persoalan antara lain tidak stabilnya produksi olahan hasil perikanan, serta volume dan nilai ekspor cenderung menurun. Untuk mengatasi persoalan tersebut ditawarkan beberapa model pengelolaan perikanan yang berbasis pada keberlanjutan dan kemakmuran yakni pengelolaan perikanan berbasis masyarakat dan comanagement. Selanjutnya dapat disimpulkan bahwa kebijakan dekonsentrasi pengelolaan perikanan belum seutuhnya berpihak pada masyarakat pesisir khususnya nelayan. Kebijakan dekonsentrasi pengelolaan perikanan belum mampu menjamin kesejahteraan. Oleh karena itu, model pengelolaan perikanan berbasis masyarakat dan co-management dapat menjadi opsi dalam pengelolaan perikanan yang berkelanjutan dan berkemakmuran. 
 
Kata Kunci: dekonsentrasi, pengelolaan, perikanan, Lampung",,conference,22 September 2020,"Seminar Nasional Riset dan Kebijakan Ekonomi Kelautan dan Perikanan, Kementerian Kelautan dan Perikanan Tahun 2020Tahun 2020",Jakarta,paper,,,completed,,,,,,
9,50917,ASSESSING THE EFFECTIVENESS OF FISHERIES COURTS IN INDONESIA,6,show,2023-05-02 03:25:18,archive,['K1'],"[{'id': 'mayashafira@fh.unila.ac.id', 'name': {'lineage': None, 'honourific': None, 'family': 'Maya Shafira', 'given': 'Maya Shafira'}}, {'name': {'given': 'akib', 'lineage': None, 'honourific': None, 'family': 'Muhammad akib'}, 'id': 'muhammad.akib@fh.unila.ac.id'}, {'id': 'eddyrifai63@gmail.com', 'name': {'lineage': None, 'family': 'Eddy Rifai', 'honourific': None, 'given': 'Rifai'}}]",disk0_bak/00/05/09/17,article,['FH1'],,pub,"[{'placement': 1, 'security': 'public', 'eprintid': 50917, 'language': 'en', 'mime_type': 'application/pdf', 'files': [{'objectid': 190630, 'uri': 'http://repository.lppm.unila.ac.id/id/file/548060', 'fileid': 548060, 'mime_type': 'application/pdf', 'mtime': '2023-05-02 02:44:17', 'hash_type': 'MD5', 'hash': 'a7913036f310dbdf27e50f372167d886', 'filename': 'IJAR-42586-RES-LPPM.pdf', 'datasetid': 'document', 'filesize': 606774}], 'docid': 190630, 'main': 'IJAR-42586-RES-LPPM.pdf', 'rev_number': 1, 'uri': 'http://repository.lppm.unila.ac.id/id/document/190630', 'pos': 1, 'format': 'text'}]",IJAR,public,http://repository.lppm.unila.ac.id/id/eprint/50917,TRUE,318,2023-05-02 03:25:18,2023-05-02 03:25:18,International Journal of Advanced Research (IJAR),"This article aims to provide comparison viewed from the economic and 
law enforcement aspect prior to and following the establishment of 
Special Fisheries Courts. This study combines two methods of 
research, namely research on normative laws and supported by an 
empirical study of the law using various sources of data. Data 
collection was was conducted by document search and in-depth 
interviews The findings of this research indicate that Special Fisheries 
Courts play a rather significant role in the economic improvement of 
the fisheries sector. However, viewed from the aspect of law 
enforcement, there has been an increase in crime in the fisheries sector 
after the establishment of Special Fisheries Courts. Based on the 
findings and discussion it is concluded that Special Fisheries Courts are 
yet to be effective in prosecuting criminal acts in the fisheries sector. 
The limitations and contribution of this research forward to proposes 
several strategies namely the establishment of Special Fisheries Courts 
in all areas prone to illegal fishing, extending the jurisdiction of ad hoc 
judges, and appointing ad hoc judges at the appeals and cassation level.

Key words:-
Fishery Court, Indonesia, Effectiveness, 
Illegal Fishin",2320-5407,,,,,,4.0,,published,11.0,https://www.journalijar.com/current-issue/,,,,
10,25844,Developing Criminal Policy on Illegal Fishing Counter-measures Under the New Normal Order In Indonesia: A Non-penal Perspective,7,show,2020-11-18 01:34:25,archive,['K1'],"[{'id': 'mayashafira@fh.unila.ac.id', 'name': {'lineage': None, 'family': 'Maya Shafira', 'honourific': None, 'given': 'Maya Shafira'}}, {'name': {'family': 'Sunarto', 'honourific': None, 'lineage': None, 'given': 'Sunarto'}, 'id': 'sunarto.54@fh.unila.ac.id'}, {'name': {'given': 'Mashuril Anwar', 'family': 'Mashuril Anwar', 'honourific': None, 'lineage': None}, 'id': 'mashurilanwar97@gmail.com'}]",disk0/00/02/58/44,conference_item,['FH1'],,submitted,"[{'mime_type': 'application/pdf', 'language': 'en', 'eprintid': 25844, 'security': 'public', 'placement': 1, 'format': 'text', 'pos': 1, 'uri': 'http://repository.lppm.unila.ac.id/id/document/39640', 'rev_number': 1, 'main': 'ARTIKEL NEW NORMAL.pdf', 'docid': 39640, 'files': [{'uri': 'http://repository.lppm.unila.ac.id/id/file/232443', 'objectid': 39640, 'filesize': 370536, 'datasetid': 'document', 'hash': 'eee81d601239c4e5eb9acfb9e88e02d0', 'filename': 'ARTIKEL NEW NORMAL.pdf', 'mtime': '2020-11-17 09:35:23', 'hash_type': 'MD5', 'mime_type': 'application/pdf', 'fileid': 232443}]}]",,public,http://repository.lppm.unila.ac.id/id/eprint/25844,FALSE,318,2020-11-18 01:34:25,2020-11-18 01:34:25,,"Abstract. This article has the purpose of studying the ideal model for illegal fishing countermeasures in the ‘new normal’ order. Based on the findings of this research, in the ‘new normal’ order the current penal-oriented criminal policy on illegal fishing countermeasures can potentially raise various issues, both at the level of application as well as execution. It is therefore concluded that for optimal law enforcement against perpetrators of illegal fishing in the current era of ‘new normal’ order, criminal policy on illegal fishing counter-measures needs to emphasize non-penal measures by enhancing information technology-based control, strengthening deliberative democracy, and providing environment-oriented guidance.  
 
Keywords: new normal, criminal policy, illegal fishing.",,conference,26 September 2020,ICETLAWBE 2020,Fakultas Hukum UNILA,paper,,,,,,,,,
11,25896,Developing Criminal Policy on Illegal Fishing Countermeasures Under the New Normal Order In Indonesia: A Non-penal Perspective,7,show,2020-11-18 01:35:11,archive,['K1'],"[{'id': 'mayashafira@fh.unila.ac.id', 'name': {'given': 'Maya Shafira', 'lineage': None, 'family': 'Maya Shafira', 'honourific': None}}, {'name': {'lineage': None, 'honourific': None, 'family': 'Sunarto', 'given': 'Sunarto'}, 'id': 'sunarto54@fh.unila.ac.id'}, {'name': {'lineage': None, 'honourific': None, 'family': 'Mashuril Anwar', 'given': 'Mashuril Anwar'}, 'id': 'mashurilanwar97@gmail.com'}]",disk0/00/02/58/96,conference_item,['FH1'],,submitted,"[{'docid': 39693, 'main': 'ARTIKEL NEW NORMAL.pdf', 'files': [{'objectid': 39693, 'uri': 'http://repository.lppm.unila.ac.id/id/file/232830', 'datasetid': 'document', 'filesize': 370536, 'mime_type': 'application/pdf', 'fileid': 232830, 'hash': 'eee81d601239c4e5eb9acfb9e88e02d0', 'filename': 'ARTIKEL NEW NORMAL.pdf', 'hash_type': 'MD5', 'mtime': '2020-11-17 13:41:23'}], 'pos': 1, 'format': 'text', 'rev_number': 1, 'uri': 'http://repository.lppm.unila.ac.id/id/document/39693', 'eprintid': 25896, 'placement': 1, 'security': 'public', 'language': 'en', 'mime_type': 'application/pdf'}]",,public,http://repository.lppm.unila.ac.id/id/eprint/25896,FALSE,318,2020-11-18 01:35:11,2020-11-18 01:35:11,,"Abstract. This article has the purpose of studying the ideal model for illegal fishing countermeasures in the ‘new normal’ order. Based on the findings of this research, in the ‘new normal’ order the current penal-oriented criminal policy on illegal fishing countermeasures can potentially raise various issues, both at the level of application as well as execution. It is therefore concluded that for optimal law enforcement against perpetrators of illegal fishing in the current era of ‘new normal’ order, criminal policy on illegal fishing counter-measures needs to emphasize non-penal measures by enhancing information technology-based control, strengthening deliberative democracy, and providing environment-oriented guidance.  
 
Keywords: new normal, criminal policy, illegal fishing.",,conference,26 September 2020,ICETLAWBE 2020,Fakultas Hukum UNILA,paper,,,completed,,,,,,
12,36213,"Reformulation of the Ultimum Remedium and Primum Remedium Principles in the 
Legislation Policy of Handling Illegal Fishing",7,show,2021-11-11 09:37:40,archive,['KZ'],"[{'name': {'given': 'Maya Shafira', 'honourific': None, 'family': 'Maya Shafira', 'lineage': None}, 'id': 'mayashafira@fh.unila.ac.id'}, {'id': 'muhammad.akib@fh.unila.ac.id', 'name': {'given': 'akib', 'family': 'muhammad akib', 'honourific': None, 'lineage': None}}, {'name': {'given': 'Rifai', 'honourific': None, 'family': 'Eddy', 'lineage': None}, 'id': None}]",disk0/00/03/62/13,conference_item,['FH1'],,unpub,"[{'pos': 1, 'format': 'text', 'rev_number': 1, 'uri': 'http://repository.lppm.unila.ac.id/id/document/157154', 'docid': 157154, 'main': 'ARTIKEL ULTIMUM&PRIMUM REMEDIUM.pdf', 'files': [{'uri': 'http://repository.lppm.unila.ac.id/id/file/419066', 'objectid': 157154, 'mtime': '2021-11-11 09:32:45', 'hash_type': 'MD5', 'filename': 'ARTIKEL ULTIMUM&PRIMUM REMEDIUM.pdf', 'hash': '1ce8bce4c92b48233d04f73c2f074a70', 'fileid': 419066, 'mime_type': 'application/pdf', 'filesize': 176930, 'datasetid': 'document'}], 'mime_type': 'application/pdf', 'language': 'en', 'eprintid': 36213, 'placement': 1, 'security': 'public'}]",,public,http://repository.lppm.unila.ac.id/id/eprint/36213,FALSE,318,2021-11-11 09:37:40,2021-11-11 09:37:40,,"Criminal sanctions are one of the most effective means used to tackle crime. Still, in 
administrative legislation, criminal sanctions are the last effort applied when administrative 
sanctions are not obeyed. Based on the criminal classification, subjects of criminal acts and 
other violations in fisheries need to be reformulated in the principles of criminal law as ultimum 
remedium and primum remedium in the Fisheries Law. The problems that will be studied and 
analyzed in this paper are related to the existing conditions of criminal law policies in fisheries 
and the reformulation of the ultimum remedium and primum remedium principles in the 
legislation policy of handling illegal fishing. By the problems discussed in this research, the 
method in this research is doctrinal legal research with a statutory approach. The study results
show that criminal law policies in the field of fisheries can be seen in criminalization policies 
related to several articles that classify as crimes and violations. The reformulation of the 
ultimum remedium and primum remedium principles in the legislation policy for handling
illegal fishing includes the subject/perpetrator of illegal fishing positioned in administrative 
sanctions as primum remedium, especially for violations by corporations, and optimizing 
promptly released actions against foreign fishers as primum remedium.
Keywords: Ultimum Remedium, Primum Remedium, Illegal Fishing, Legislation Policy",,conference,,SEMINAR ISMFR UGM 2021,,paper,,,,,,,,,
13,36036,Problematics Of The Establishment Of Indonesian Fisheries Specific Court,7,show,2021-11-11 06:54:53,archive,['KZ'],"[{'id': 'mayashafira@fh.unila.ac.id', 'name': {'given': 'Maya Shafira', 'lineage': None, 'honourific': None, 'family': 'Maya Shafira'}}, {'name': {'given': 'akib', 'lineage': None, 'honourific': None, 'family': 'muhammad akib'}, 'id': 'muhammad.akib@fh.unila.ac.id'}, {'name': {'family': 'Eddy', 'honourific': None, 'lineage': None, 'given': 'Rifai'}, 'id': None}, {'id': 'mashurilanwar97@gmail.com', 'name': {'given': 'Mashuril Anwar', 'lineage': None, 'honourific': None, 'family': 'Mashuril Anwar'}}]",disk0/00/03/60/36,article,['FH1'],,pub,"[{'language': 'en', 'mime_type': 'application/pdf', 'security': 'public', 'placement': 1, 'eprintid': 36036, 'rev_number': 1, 'uri': 'http://repository.lppm.unila.ac.id/id/document/156981', 'format': 'text', 'pos': 1, 'files': [{'objectid': 156981, 'uri': 'http://repository.lppm.unila.ac.id/id/file/417766', 'fileid': 417766, 'mime_type': 'application/pdf', 'hash_type': 'MD5', 'mtime': '2021-11-11 05:42:06', 'hash': '8aec0f6daa688d2bbe4a0cedef3b0be8', 'filename': 'JURNAL ON LINE  TURKISH.pdf', 'datasetid': 'document', 'filesize': 158991}], 'main': 'JURNAL ON LINE  TURKISH.pdf', 'docid': 156981}]",,public,http://repository.lppm.unila.ac.id/id/eprint/36036,TRUE,318,2021-11-11 06:54:53,2021-11-11 06:54:53,https://www.tojqi.net/index.php/journal/index,"Abstract
Special Fisheries Court Has A Strategic Role In Law Enforcement Fisheries Crime In Indonesia. But In Its Development, The Establishment Of A Special Fisheries Court Has Not Been Able To Protect Indonesia's Fisheries Resources From Harmful Practices. Therefore, To Optimize The Role Of The Special Fisheries Court In The Enforcement Of Fisheries Criminal Offenses, Many Records Need Attention. This Study Aims To Examine And Analyze The Problems In The Formation Of The Special Court Of Fisheries. This Study Uses A Normative Legal Approach That Is Carried Out By Examining Library Materials Or Secondary Data. The Results Showed That The Formation Of The Special Fisheries Court Raises Various Problems, Namely The Dualism Of Law Enforcement In Criminal Fisheries, The Inconsistency Of The Legal Basis For Its Formation, As Well As The Limitations Of Absolute Competence And Relative Competence Of The Special Court Of Fisheries.",,,,,,,,,,,https://www.tojqi.net/index.php/journal/article/view/892,,,,
14,38756,"Searching For Justice in The Policy for Combating Illegal Fishing in
Indonesia: The Dignified Justice Perspective",6,show,2022-01-31 01:21:21,archive,['K1'],"[{'id': 'mayashafira@fh.unila.ac.id', 'name': {'given': 'Maya Shafira', 'honourific': None, 'family': 'Maya Shafira', 'lineage': None}}, {'name': {'lineage': None, 'honourific': None, 'family': 'muhammad akib', 'given': 'akib'}, 'id': 'muhammad.akib@fh.unila.ac.id'}, {'name': {'given': 'ER', 'lineage': None, 'family': 'eddy rifai', 'honourific': None}, 'id': None}, {'name': {'honourific': None, 'family': 'Deni Achmad', 'lineage': None, 'given': 'Deni Achmad'}, 'id': 'deni.achmad@fh.unila.ac.id'}]",disk0/00/03/87/56,article,['FH1'],,pub,"[{'mime_type': 'application/pdf', 'language': 'en', 'placement': 1, 'security': 'public', 'eprintid': 38756, 'rev_number': 1, 'uri': 'http://repository.lppm.unila.ac.id/id/document/159873', 'pos': 1, 'format': 'text', 'files': [{'filesize': 286890, 'datasetid': 'document', 'hash_type': 'MD5', 'mtime': '2022-01-30 18:21:58', 'filename': 'JURNAL WEBOLOGY Q3.pdf', 'hash': '7f62ad6fbc5d5bc38e7508c5ff19e520', 'fileid': 437947, 'mime_type': 'application/pdf', 'uri': 'http://repository.lppm.unila.ac.id/id/file/437947', 'objectid': 159873}], 'main': 'JURNAL WEBOLOGY Q3.pdf', 'docid': 159873}]",,public,http://repository.lppm.unila.ac.id/id/eprint/38756,TRUE,318,2022-01-31 01:21:21,2022-01-31 01:21:21,Webology,"Dignified justice is a grand legal theory with justifications on grounds which are different from 
colonial legal theories referred to in Indonesia thus far. The theory of dignified justice is based on 
Pancasila values as the ‘volksgeist’ or the national spirit of the Indonesian nation laid down by its
founding fathers. As a country with its own identity, Indonesia should duly have its own conception of 
justice rooted in and constructed based on the national spirit, namely Pancasila. In the context of illegal 
fishing practices, the policy for combating illegal fishing in Indonesia should be based on Pancasila 
values, namely the belief in One God, humanity, unity, democracy and social justice. However, 
Indonesia’s policy on illegal fishing countermeasures is yet to fully accommodate Pancasila values. Up to 
the present time, among the Pancasila values, only belief in One God and democracy have been 
accommodated in the policy on combating illegal fishing. At the same time, the values of humanity, unity 
and justice do not transpire in Indonesia’s current policy on illegal fishing countermeasures. In order to 
materialize fisheries management for the people’s prosperity to the greatest possible extent, the theory of 
dignified justice based on Pancasila values need to be used as reference in policy formulation as well as in 
the stage of implementation (application) of the policy for combating illegal fishing in Indonesia. 
Keywords: Pancasila, Dignified Justice, Illegal Fishing",ISSN: 1735-188X,,,,,,2.0,,published,19.0,,[{'url': 'https://www.webology.org/abstract.php?id=1156'}],,,
15,37939,Village Government Policy Towards International Investment,6,show,2022-01-17 01:33:12,archive,['K1'],"[{'name': {'given': 'Angkasa', 'family': 'Nitaria', 'honourific': None, 'lineage': None}}, {'name': {'lineage': None, 'family': 'Yuswanto', 'honourific': None, 'given': 'Yuswanto'}}, {'name': {'honourific': None, 'family': 'Budiyono', 'lineage': None, 'given': 'Budiyono'}}]",disk0/00/03/79/39,article,['FH1'],,pub,"[{'mime_type': 'application/pdf', 'language': 'en', 'eprintid': 37939, 'security': 'public', 'placement': 1, 'format': 'text', 'pos': 1, 'uri': 'http://repository.lppm.unila.ac.id/id/document/158880', 'rev_number': 1, 'docid': 158880, 'main': 'Investmen village jurnal.pdf', 'files': [{'datasetid': 'document', 'filesize': 166513, 'mime_type': 'application/pdf', 'fileid': 431626, 'filename': 'Investmen village jurnal.pdf', 'hash': '8141bc724701e71c8bc724a72001b24b', 'hash_type': 'MD5', 'mtime': '2022-01-16 23:20:25', 'objectid': 158880, 'uri': 'http://repository.lppm.unila.ac.id/id/file/431626'}]}]",,public,http://repository.lppm.unila.ac.id/id/eprint/37939,TRUE,561,2022-01-17 01:33:12,2022-01-17 01:33:12,"Journal of Law, Policy and Globalization",,,,,,,,,,,,,,,,
16,10776,Perkembangan jaminan Hak Asasi Manusia di Indonesia,8,show,2019-05-02 04:13:50,archive,['K1'],"[{'name': {'given': 'Natamiharja', 'honourific': None, 'family': 'Rudi', 'lineage': None}}]",disk0/00/01/07/76,book_section,['FH1'],Jalan Sunyi Sang Guru,pub,"[{'uri': 'http://repository.lppm.unila.ac.id/id/document/23788', 'rev_number': 1, 'pos': 1, 'format': 'text', 'files': [{'mtime': '2019-02-18 03:00:36', 'hash_type': 'MD5', 'hash': '265e0ff6474d76c08c6ef0e13730f0f8', 'filename': 'Rudi Natamiharja, Jalan Sunyi Sang Guru  2019.pdf', 'fileid': 99348, 'mime_type': 'application/pdf', 'filesize': 4456936, 'datasetid': 'document', 'uri': 'http://repository.lppm.unila.ac.id/id/file/99348', 'objectid': 23788}], 'main': 'Rudi Natamiharja, Jalan Sunyi Sang Guru  2019.pdf', 'docid': 23788, 'mime_type': 'application/pdf', 'language': 'en', 'placement': 1, 'security': 'public', 'eprintid': 10776}]",PKKP-HAM FH UNILA,public,http://repository.lppm.unila.ac.id/id/eprint/10776,FALSE,697,2019-05-02 04:13:50,2019-05-02 04:13:50,,,,,,,,,,135-154,,,,,978-623-211-024-3,Bandar Lampung,
17,17806,18 Years of Decentralization Experiment in Indonesia: Institutional and Democratic Evaluation,6,show,2020-02-06 05:26:37,archive,['K1'],"[{'name': {'given': 'Rudy', 'honourific': None, 'family': 'Rudy', 'lineage': None}, 'id': 'rudy.1981@fh.unila.ac.id'}]",disk0/00/01/78/06,article,['FH1'],,pub,"[{'language': 'en', 'mime_type': 'application/pdf', 'eprintid': 17806, 'security': 'public', 'placement': 1, 'format': 'text', 'pos': 1, 'rev_number': 1, 'uri': 'http://repository.lppm.unila.ac.id/id/document/30923', 'docid': 30923, 'main': 'peer review rudy 18 years of decentralization.pdf', 'files': [{'fileid': 150049, 'mime_type': 'application/pdf', 'hash_type': 'MD5', 'mtime': '2020-01-30 04:14:21', 'hash': 'fed41ff22bebb1278286655c5b16c275', 'filename': 'peer review rudy 18 years of decentralization.pdf', 'datasetid': 'document', 'filesize': 146510, 'objectid': 30923, 'uri': 'http://repository.lppm.unila.ac.id/id/file/150049'}]}]",Canadian Center of Science and Education,public,http://repository.lppm.unila.ac.id/id/eprint/17806,FALSE,347,2020-02-06 05:26:37,2020-02-06 05:26:37,Journal of Politics and Law;,Hasil penilaian sejawat sebidang atau peer review,ISSN 1913-9047 E-ISSN 1913-9055,,,,,,,,,,,,,,
18,17802,Article Impact Assessment Local Regulations That Pro Poor Character as an Instrument Society Transformation,6,show,2020-02-06 05:26:35,archive,['K1'],"[{'id': 'rudy.1981@fh.unila.ac.id', 'name': {'given': 'Rudy', 'lineage': None, 'honourific': None, 'family': 'Rudy'}}]",disk0/00/01/78/02,article,['FH1'],,pub,"[{'uri': 'http://repository.lppm.unila.ac.id/id/document/30918', 'rev_number': 1, 'pos': 1, 'format': 'text', 'files': [{'uri': 'http://repository.lppm.unila.ac.id/id/file/150014', 'objectid': 30918, 'filesize': 147709, 'datasetid': 'document', 'hash': '2e21f5a725d1ce092dba8a8835d5a0d2', 'filename': 'peer review rudy article impact.pdf', 'mtime': '2020-01-30 04:04:26', 'hash_type': 'MD5', 'mime_type': 'application/pdf', 'fileid': 150014}], 'docid': 30918, 'main': 'peer review rudy article impact.pdf', 'language': 'en', 'mime_type': 'application/pdf', 'placement': 1, 'security': 'public', 'eprintid': 17802}]",IISTE,public,http://repository.lppm.unila.ac.id/id/eprint/17802,FALSE,347,2020-02-06 05:26:35,2020-02-06 05:26:35,Public Policy and Administration Research,Hasil penilaian sejawat sebidang atau peer review,2225-0972,,,,,,,,,,,,,,
19,17798,Dari Putusan Hijau Mahkamah Konstitusi ke Green (Reflaksi Dinamika Putusan MK danPenguatan Perlindungan Konstitusional dalam UUD 1945,7,show,2020-02-06 05:19:02,archive,['K1'],"[{'name': {'family': 'Rudy', 'honourific': None, 'lineage': None, 'given': 'Rudy'}, 'id': 'rudy.1981@fh.unila.ac.id'}]",disk0/00/01/77/98,monograph,['FH1'],,pub,"[{'eprintid': 17798, 'placement': 1, 'security': 'public', 'language': 'en', 'mime_type': 'application/pdf', 'docid': 30914, 'main': 'peer review rudy dari putusan hijau MK.pdf', 'files': [{'datasetid': 'document', 'filesize': 138154, 'mime_type': 'application/pdf', 'fileid': 149988, 'filename': 'peer review rudy dari putusan hijau MK.pdf', 'hash': '7c58de95c9452a8cfd85c434f9264f1c', 'hash_type': 'MD5', 'mtime': '2020-01-30 03:53:54', 'objectid': 30914, 'uri': 'http://repository.lppm.unila.ac.id/id/file/149988'}], 'pos': 1, 'format': 'text', 'rev_number': 1, 'uri': 'http://repository.lppm.unila.ac.id/id/document/30914'}]",Indepth Publishing PPKPHAM Bandar Lampung,public,http://repository.lppm.unila.ac.id/id/eprint/17798,,347,2020-02-06 05:19:02,2020-02-06 05:19:02,,Hasil penilaian sejawat sebidang atau peer review,,,,,,,,,,,,,,,discussion_paper
20,17800,Dinamika Perubahan NU dalam Mengawal Zaman dalam Buku NU Mengawal Perubahan Zaman,7,show,2020-02-06 05:19:04,archive,['K1'],"[{'id': 'rudy.1981@fh.unila.ac.id', 'name': {'given': 'Rudy', 'lineage': None, 'family': 'Rudy', 'honourific': None}}]",disk0/00/01/78/00,monograph,['FH1'],,pub,"[{'files': [{'fileid': 149999, 'mime_type': 'application/pdf', 'mtime': '2020-01-30 03:59:50', 'hash_type': 'MD5', 'filename': 'peer review rudy dinamika perubahan NU.pdf', 'hash': '0be2ea4adeef664117cc8be92f00001c', 'datasetid': 'document', 'filesize': 133116, 'objectid': 30915, 'uri': 'http://repository.lppm.unila.ac.id/id/file/149999'}], 'docid': 30915, 'main': 'peer review rudy dinamika perubahan NU.pdf', 'uri': 'http://repository.lppm.unila.ac.id/id/document/30915', 'rev_number': 1, 'pos': 1, 'format': 'text', 'placement': 1, 'security': 'public', 'eprintid': 17800, 'language': 'en', 'mime_type': 'application/pdf'}]",Lajnah Ta'lif  wan Nasyr (LTN) PWNU Lampung,public,http://repository.lppm.unila.ac.id/id/eprint/17800,,347,2020-02-06 05:19:04,2020-02-06 05:19:04,,Hasil penilaian sejawat sebidang atau peer review,,,,,,,,,,,,,,,discussion_paper
21,18608,Dinamika Perubahan NU dalam Mengawal Zaman dalam Buku NU Mengawal Perubahan Zaman,7,show,2020-03-12 03:54:22,archive,['K1'],"[{'name': {'given': 'Rudy', 'lineage': None, 'family': 'Rudy', 'honourific': None}, 'id': 'rudy.1981@fh.unila.ac.id'}]",disk0/00/01/86/08,book_section,['FH1'],NU Mengawal Perubahan Zaman,pub,"[{'files': [{'fileid': 156254, 'mime_type': 'application/pdf', 'hash_type': 'MD5', 'mtime': '2020-03-11 08:54:11', 'hash': 'f1c2ec0bcaefc8157846903a4bf188c2', 'filename': 'Review Rudy dinamika perubahan NU.pdf', 'datasetid': 'document', 'filesize': 113874, 'objectid': 31771, 'uri': 'http://repository.lppm.unila.ac.id/id/file/156254'}], 'docid': 31771, 'main': 'Review Rudy dinamika perubahan NU.pdf', 'uri': 'http://repository.lppm.unila.ac.id/id/document/31771', 'rev_number': 1, 'format': 'text', 'pos': 1, 'security': 'public', 'placement': 1, 'eprintid': 18608, 'mime_type': 'application/pdf', 'language': 'en'}]",Lajnah Ta'lif Wan Nasyr (LTN) PWNU Lampung,public,http://repository.lppm.unila.ac.id/id/eprint/18608,FALSE,347,2020-03-12 03:54:22,2020-03-12 03:54:22,,Hasil Penilaian Sejawat Sebidang atau Peer Review,,,,,,,,,,,,,,,
22,17796,Dinamika Sengketa Pemilukada di Indonesia,7,show,2020-02-06 05:21:13,archive,['K1'],"[{'name': {'given': 'Rudy', 'family': 'Rudy', 'honourific': None, 'lineage': None}, 'id': 'rudy.1981@fh.unila.ac.id'}]",disk0/00/01/77/96,book,['FH1'],,pub,"[{'format': 'text', 'pos': 1, 'rev_number': 1, 'uri': 'http://repository.lppm.unila.ac.id/id/document/30912', 'docid': 30912, 'main': 'peer review rudy dinamika sengketa.pdf', 'files': [{'objectid': 30912, 'uri': 'http://repository.lppm.unila.ac.id/id/file/149974', 'fileid': 149974, 'mime_type': 'application/pdf', 'hash_type': 'MD5', 'mtime': '2020-01-30 03:47:17', 'filename': 'peer review rudy dinamika sengketa.pdf', 'hash': 'ce7730f153f033b16a70317190ba65a4', 'datasetid': 'document', 'filesize': 130596}], 'mime_type': 'application/pdf', 'language': 'en', 'eprintid': 17796, 'security': 'public', 'placement': 1}]",Lecture Books PT. Naga KUsuma Media Kreatif,public,http://repository.lppm.unila.ac.id/id/eprint/17796,FALSE,347,2020-02-06 05:21:13,2020-02-06 05:21:13,,Hasil penilaian sejawat sebdiang atau peer review,,,,,,,,,,,,,,,
23,17795,Evaluasi PEMILU Serentak Tahun 2014 di Propinsi Lampung,6,show,2020-02-06 05:26:32,archive,['K1'],"[{'id': 'rudy.1981@fh.unila.ac.id', 'name': {'given': 'Rudy', 'lineage': None, 'honourific': None, 'family': 'Rudy'}}]",disk0/00/01/77/95,article,['FH1'],,pub,"[{'eprintid': 17795, 'placement': 1, 'security': 'public', 'mime_type': 'application/pdf', 'language': 'en', 'docid': 30910, 'main': 'peer review rudy evaluasi pemilu.pdf', 'files': [{'mtime': '2020-01-30 03:43:38', 'hash_type': 'MD5', 'hash': 'e3c9243a3b461441bd99176ebf3c13f3', 'filename': 'peer review rudy evaluasi pemilu.pdf', 'fileid': 149962, 'mime_type': 'application/pdf', 'filesize': 144503, 'datasetid': 'document', 'uri': 'http://repository.lppm.unila.ac.id/id/file/149962', 'objectid': 30910}], 'pos': 1, 'format': 'text', 'uri': 'http://repository.lppm.unila.ac.id/id/document/30910', 'rev_number': 1}]",Fakultas Hukum,public,http://repository.lppm.unila.ac.id/id/eprint/17795,FALSE,347,2020-02-06 05:26:32,2020-02-06 05:26:32,Fiat Justisia,Hasil penilaian sejawat sebidang atau peer review,1978-5186,,,,,,,,,,,,,,
24,17792,Filling The Legal Gap In Indonesia: Strengthening The Local Legislation On National Strategic Area Of Sunda Strait,6,show,2020-02-06 05:26:29,archive,['K1'],"[{'name': {'given': 'Rudy', 'lineage': None, 'honourific': None, 'family': 'Rudy'}, 'id': 'rudy.1981@fh.unila.ac.id'}]",disk0/00/01/77/92,article,['FH1'],,pub,"[{'placement': 1, 'security': 'public', 'eprintid': 17792, 'mime_type': 'application/pdf', 'language': 'en', 'files': [{'objectid': 30908, 'uri': 'http://repository.lppm.unila.ac.id/id/file/149949', 'datasetid': 'document', 'filesize': 141284, 'fileid': 149949, 'mime_type': 'application/pdf', 'hash_type': 'MD5', 'mtime': '2020-01-30 03:35:15', 'hash': '50a3a71900760e5d09640c468a153f4d', 'filename': 'peer review rudy filling the legal gap.pdf'}], 'main': 'peer review rudy filling the legal gap.pdf', 'docid': 30908, 'rev_number': 1, 'uri': 'http://repository.lppm.unila.ac.id/id/document/30908', 'pos': 1, 'format': 'text'}]",,public,http://repository.lppm.unila.ac.id/id/eprint/17792,FALSE,347,2020-02-06 05:26:30,2020-02-06 05:26:29,US-China Law Review,Hasil penilaian sejawat sebidang atau peer review,,,,,,,,,,,,,,,
25,17789,Gubernur dan Paradigma Barau Pembangunan Hukum di Lampung,7,show,2020-02-06 05:25:39,archive,['K1'],"[{'id': 'rudy.1981@fh.unila.ac.id', 'name': {'lineage': None, 'family': 'Rudy', 'honourific': None, 'given': 'Rudy'}}]",disk0/00/01/77/89,monograph,['FH1'],,pub,"[{'security': 'public', 'placement': 1, 'eprintid': 17789, 'language': 'en', 'mime_type': 'application/pdf', 'files': [{'datasetid': 'document', 'filesize': 133314, 'fileid': 149925, 'mime_type': 'application/pdf', 'mtime': '2020-01-30 03:25:45', 'hash_type': 'MD5', 'hash': '9ff3bc8a12cd9cadcbf003d2bcf1c51f', 'filename': 'peer review rudy gubernur dan paradigma.pdf', 'objectid': 30904, 'uri': 'http://repository.lppm.unila.ac.id/id/file/149925'}], 'docid': 30904, 'main': 'peer review rudy gubernur dan paradigma.pdf', 'uri': 'http://repository.lppm.unila.ac.id/id/document/30904', 'rev_number': 1, 'format': 'text', 'pos': 1}]",Indepth Publishing PPKPHAM Bandar Lampung,public,http://repository.lppm.unila.ac.id/id/eprint/17789,,347,2020-02-06 05:25:39,2020-02-06 05:25:39,,Hasil penilaian sejawat sebidang atau peer review,,,,,,,,,,,,,,,discussion_paper
26,17788,Hart's Primary Rules di Lampung Barat dalam Buku Secangkir Kopi Bumi Sekala Brak,6,show,2020-02-06 05:18:59,archive,['K1'],"[{'id': 'rudy.1981@fh.unila.ac.id', 'name': {'given': 'Rudy', 'lineage': None, 'honourific': None, 'family': 'Rudy'}}]",disk0/00/01/77/88,monograph,['FH1'],,pub,,Panitia Lampung Post Publishing,none,http://repository.lppm.unila.ac.id/id/eprint/17788,,347,2020-02-06 05:18:59,2020-02-06 05:18:59,,Hasil penilaian sejawat sebidang atau peer review,,,,,,,,,,,,,,,discussion_paper
27,17416,Hukum Pemerintahan Daerah Perspektif  Konstitusionalisme Indonesia,7,show,2020-01-14 01:22:52,archive,['K1'],"[{'name': {'family': 'Rudy', 'honourific': None, 'lineage': None, 'given': 'Rudy'}, 'id': 'rudy.1981@fh.unila.ac.id'}]",disk0/00/01/74/16,book_section,['FH1'],Referensi,pub,"[{'security': 'public', 'placement': 1, 'eprintid': 17416, 'language': 'en', 'mime_type': 'application/pdf', 'files': [{'uri': 'http://repository.lppm.unila.ac.id/id/file/147365', 'objectid': 30542, 'hash': 'cfebbcc686e396fd08b2936ff4d89836', 'filename': '(2012) Hukum Pemerintahan Daerah Perspektif Konstitusionalisme Indonesia.pdf', 'hash_type': 'MD5', 'mtime': '2019-12-27 01:51:57', 'mime_type': 'application/pdf', 'fileid': 147365, 'filesize': 2228543, 'datasetid': 'document'}], 'main': '(2012) Hukum Pemerintahan Daerah Perspektif Konstitusionalisme Indonesia.pdf', 'docid': 30542, 'uri': 'http://repository.lppm.unila.ac.id/id/document/30542', 'rev_number': 1, 'format': 'text', 'pos': 1}]",Indepth,public,http://repository.lppm.unila.ac.id/id/eprint/17416,FALSE,347,2020-01-14 01:22:52,2020-01-14 01:22:52,,,,,,,,,,1-154,,,,,,Bandar Lampung,
28,17786,Hukum Pemerintahan Daerah Perspektif  Konstitusionalisme Indonesia,7,show,2020-02-06 05:21:16,archive,['K1'],"[{'name': {'family': 'Rudy', 'honourific': None, 'lineage': None, 'given': 'Rudy'}, 'id': 'rudy.1981@fh.unila.ac.id'}]",disk0/00/01/77/86,book,['FH1'],,pub,"[{'main': 'peer review rudy hukum pemerintahan daerah.pdf', 'docid': 30902, 'files': [{'filesize': 132846, 'datasetid': 'document', 'hash_type': 'MD5', 'mtime': '2020-01-30 03:15:15', 'filename': 'peer review rudy hukum pemerintahan daerah.pdf', 'hash': 'dbba5d201fd12a60651647e6303c99a7', 'fileid': 149906, 'mime_type': 'application/pdf', 'uri': 'http://repository.lppm.unila.ac.id/id/file/149906', 'objectid': 30902}], 'format': 'text', 'pos': 1, 'uri': 'http://repository.lppm.unila.ac.id/id/document/30902', 'rev_number': 1, 'eprintid': 17786, 'security': 'public', 'placement': 1, 'language': 'en', 'mime_type': 'application/pdf'}]",Indepth Publishing PPKPHAM Bandar Lampung,public,http://repository.lppm.unila.ac.id/id/eprint/17786,FALSE,347,2020-02-06 05:21:16,2020-02-06 05:21:16,,Hasil penilaian sejawat sebidang atau peer review,,,,,,,,,,,,,,,
29,17784,Indonesia Constitusional Court Interpretation Upon State Control : Asian Versus Western Idea,7,show,2020-02-06 05:21:41,archive,['K1'],"[{'name': {'lineage': None, 'family': 'Rudy', 'honourific': None, 'given': 'Rudy'}, 'id': 'rudy.1981@fh.unila.ac.id'}]",disk0/00/01/77/84,conference_item,['FH1'],,pub,"[{'security': 'public', 'placement': 1, 'eprintid': 17784, 'mime_type': 'application/pdf', 'language': 'en', 'files': [{'uri': 'http://repository.lppm.unila.ac.id/id/file/149892', 'objectid': 30900, 'hash': 'b9d09a4534cd4d4a885024e9147fe0ca', 'filename': 'peer review rudy indonesia constitusional court.pdf', 'mtime': '2020-01-30 03:09:32', 'hash_type': 'MD5', 'mime_type': 'application/pdf', 'fileid': 149892, 'filesize': 132580, 'datasetid': 'document'}], 'main': 'peer review rudy indonesia constitusional court.pdf', 'docid': 30900, 'uri': 'http://repository.lppm.unila.ac.id/id/document/30900', 'rev_number': 1, 'format': 'text', 'pos': 1}]",,public,http://repository.lppm.unila.ac.id/id/eprint/17784,FALSE,347,2020-02-06 05:21:41,2020-02-06 05:21:41,,Hasil penilaian sejawat sebidang atau peer review,,conference,Januari 2013,A Reflexive Sociology of Law and Society,Semarang,paper,,,,,,,,,
30,17762,Karakteristik Sengketa Pemilukada di Indonesia Evaluasi 5 Tahun Kewenangan MK Memutus Sengketa Pemilukada,6,show,2020-02-06 05:24:47,archive,['K1'],"[{'name': {'given': 'Rudy', 'lineage': None, 'family': 'Rudy', 'honourific': None}, 'id': 'rudy.1981@fh.unila.ac.id'}]",disk0/00/01/77/62,article,['FH1'],,pub,"[{'mime_type': 'application/pdf', 'language': 'en', 'eprintid': 17762, 'placement': 1, 'security': 'public', 'pos': 1, 'format': 'text', 'rev_number': 1, 'uri': 'http://repository.lppm.unila.ac.id/id/document/30879', 'main': 'peer review rudy karakteristik sengketa.pdf', 'docid': 30879, 'files': [{'uri': 'http://repository.lppm.unila.ac.id/id/file/149746', 'objectid': 30879, 'filename': 'peer review rudy karakteristik sengketa.pdf', 'hash': '5fff84752623ba9c3eeb7d976936061c', 'mtime': '2020-01-29 09:15:42', 'hash_type': 'MD5', 'mime_type': 'application/pdf', 'fileid': 149746, 'filesize': 145638, 'datasetid': 'document'}]}]",,public,http://repository.lppm.unila.ac.id/id/eprint/17762,FALSE,347,2020-02-06 05:24:47,2020-02-06 05:24:47,konstitusi,Hasil Penilaian sejawat sebidang atau peer review,1829-7706,,,,,,,,,,,,,,
31,17761,Kedudukan dan Arti Penting Pembukuan UUD 1945,6,show,2020-02-06 05:24:44,archive,['K1'],"[{'id': 'rudy.1981@fh.unila.ac.id', 'name': {'given': 'Rudy', 'lineage': None, 'family': 'Rudy', 'honourific': None}}]",disk0/00/01/77/61,article,['FH1'],,pub,"[{'eprintid': 17761, 'placement': 1, 'security': 'public', 'language': 'en', 'mime_type': 'application/pdf', 'main': 'peer review rudy kedudukan dan arti penting pembukuan UUD 1945.pdf', 'docid': 30878, 'files': [{'datasetid': 'document', 'filesize': 138306, 'mime_type': 'application/pdf', 'fileid': 149740, 'filename': 'peer review rudy kedudukan dan arti penting pembukuan UUD 1945.pdf', 'hash': '13913d294674e1f454ac1ab5cb4e90f9', 'hash_type': 'MD5', 'mtime': '2020-01-29 09:11:06', 'objectid': 30878, 'uri': 'http://repository.lppm.unila.ac.id/id/file/149740'}], 'pos': 1, 'format': 'text', 'uri': 'http://repository.lppm.unila.ac.id/id/document/30878', 'rev_number': 1}]",Fakultas Hukum,public,http://repository.lppm.unila.ac.id/id/eprint/17761,FALSE,347,2020-02-06 05:24:44,2020-02-06 05:24:44,Fiat Justisia,Hasil penilaian sejawat sebidang atau peer review,1978-5186,,,,,,,,,,,,,,
32,17759,Kewenangan Mahkamah Konstitusi dalam Melakukan Pengujian terhadap Undang-Undang Hasil Ratifikasi Perjanjian Internasional,7,show,2020-02-06 05:18:57,archive,['K1'],"[{'name': {'given': 'Rudy', 'lineage': None, 'family': 'Rudy', 'honourific': None}, 'id': 'rudy.1981@fh.unila.ac.id'}]",disk0/00/01/77/59,monograph,['FH1'],,pub,"[{'files': [{'mtime': '2020-01-29 09:05:25', 'hash_type': 'MD5', 'filename': 'peer review rudy kewenangan MK.pdf', 'hash': '308e370e2a7fd7fc764f1f4106d53253', 'fileid': 149733, 'mime_type': 'application/pdf', 'filesize': 133388, 'datasetid': 'document', 'uri': 'http://repository.lppm.unila.ac.id/id/file/149733', 'objectid': 30877}], 'docid': 30877, 'main': 'peer review rudy kewenangan MK.pdf', 'uri': 'http://repository.lppm.unila.ac.id/id/document/30877', 'rev_number': 1, 'format': 'text', 'pos': 1, 'security': 'public', 'placement': 1, 'eprintid': 17759, 'mime_type': 'application/pdf', 'language': 'en'}]",PKKPUU dan bagian Hukum Internasional Fakultas Hukum Unila,public,http://repository.lppm.unila.ac.id/id/eprint/17759,,347,2020-02-06 05:18:57,2020-02-06 05:18:57,,Hasil penilaian sejawat sebidang atau peer review,,,,,,,,,,,,,,,discussion_paper
33,17758,Konstitusionalisme Indoenesia,7,show,2020-02-06 05:21:21,archive,['K1'],"[{'id': 'rudy.1981@fh.unila.ac.id', 'name': {'lineage': None, 'family': 'Rudy', 'honourific': None, 'given': 'Rudy'}}]",disk0/00/01/77/58,book,['FH1'],,pub,"[{'main': 'peer review rudy konstitusionalisme indonesia.pdf', 'docid': 30876, 'files': [{'mime_type': 'application/pdf', 'fileid': 149723, 'filename': 'peer review rudy konstitusionalisme indonesia.pdf', 'hash': '799134c9f83b559429b628c6ece626ea', 'mtime': '2020-01-29 08:59:09', 'hash_type': 'MD5', 'datasetid': 'document', 'filesize': 131172, 'objectid': 30876, 'uri': 'http://repository.lppm.unila.ac.id/id/file/149723'}], 'pos': 1, 'format': 'text', 'rev_number': 1, 'uri': 'http://repository.lppm.unila.ac.id/id/document/30876', 'eprintid': 17758, 'placement': 1, 'security': 'public', 'mime_type': 'application/pdf', 'language': 'en'}]",Penerbit Pusat Kajian Konstitusional dan Peraturan Perundang-Undangan (PKKPUU),public,http://repository.lppm.unila.ac.id/id/eprint/17758,FALSE,347,2020-02-06 05:21:21,2020-02-06 05:21:21,,Hasil penilaian sejawat sebidang atau peer review,,,,,,,,,,,,,,,
34,17757,Legality Versus Morality : Moral Reading and The Case of Pemilukada in Tulang Bawang Regency of Lampung Province,7,show,2020-02-06 05:21:45,archive,['K1'],"[{'id': 'rudy.1981@fh.unila.ac.id', 'name': {'family': 'Rudy', 'honourific': None, 'lineage': None, 'given': 'Rudy'}}]",disk0/00/01/77/57,conference_item,['FH1'],,pub,"[{'rev_number': 1, 'uri': 'http://repository.lppm.unila.ac.id/id/document/30875', 'pos': 1, 'format': 'text', 'files': [{'datasetid': 'document', 'filesize': 127829, 'fileid': 149716, 'mime_type': 'application/pdf', 'hash_type': 'MD5', 'mtime': '2020-01-29 08:55:54', 'filename': 'peer review rudy legality versus morality.pdf', 'hash': '8a7a2487c3101840dca774285b42356b', 'objectid': 30875, 'uri': 'http://repository.lppm.unila.ac.id/id/file/149716'}], 'docid': 30875, 'main': 'peer review rudy legality versus morality.pdf', 'language': 'en', 'mime_type': 'application/pdf', 'placement': 1, 'security': 'public', 'eprintid': 17757}]",,public,http://repository.lppm.unila.ac.id/id/eprint/17757,FALSE,347,2020-02-06 05:21:45,2020-02-06 05:21:45,,Hasil Penilaian sejawat sebidang atau peer review,,conference,Januari 2013,A Reflexive Sociology of Law and Society,Semarang,paper,,,,,,,,,
35,17756,Mempertimbangkan Amandemen Konstitusi (Kajian Calon Presiden Perseorangan dari Aspek Kedaulatan Rakyat dan Konstitusionalisme),6,show,2020-02-06 05:24:41,archive,['K1'],"[{'id': 'rudy.1981@fh.unila.ac.id', 'name': {'family': 'Rudy', 'honourific': None, 'lineage': None, 'given': 'Rudy'}}]",disk0/00/01/77/56,article,['FH1'],,pub,"[{'mime_type': 'application/pdf', 'language': 'en', 'eprintid': 17756, 'placement': 1, 'security': 'public', 'pos': 1, 'format': 'text', 'rev_number': 1, 'uri': 'http://repository.lppm.unila.ac.id/id/document/30874', 'main': 'peer review rudy mempertimbangkan amandemen konstitusi.pdf', 'docid': 30874, 'files': [{'datasetid': 'document', 'filesize': 149169, 'mime_type': 'application/pdf', 'fileid': 149709, 'filename': 'peer review rudy mempertimbangkan amandemen konstitusi.pdf', 'hash': '78eef65952a209bae7ee25c499ce04c3', 'mtime': '2020-01-29 08:52:06', 'hash_type': 'MD5', 'objectid': 30874, 'uri': 'http://repository.lppm.unila.ac.id/id/file/149709'}]}]",Fakultas Hukum,public,http://repository.lppm.unila.ac.id/id/eprint/17756,FALSE,347,2020-02-06 05:24:41,2020-02-06 05:24:41,Fiat Justisia,Hasil penilaian sejawat sebidang atau peer review,1978-5186,,,,,,,,,,,,,,
36,17755,Mencari Bentuk Kedaulatan Dalam UUD Tahun 1945,6,show,2020-02-06 05:24:39,archive,['K1'],"[{'id': 'rudy.1981@fh.unila.ac.id', 'name': {'given': 'Rudy', 'family': 'Rudy', 'honourific': None, 'lineage': None}}]",disk0/00/01/77/55,article,['FH1'],,pub,"[{'placement': 1, 'security': 'public', 'eprintid': 17755, 'mime_type': 'application/pdf', 'language': 'en', 'files': [{'mime_type': 'application/pdf', 'fileid': 149703, 'hash': 'b3df5c6ed4a01d71b5a2666276934727', 'filename': 'peer review rudy mencari bentuk kedaulatan.pdf', 'hash_type': 'MD5', 'mtime': '2020-01-29 08:48:33', 'datasetid': 'document', 'filesize': 145443, 'objectid': 30873, 'uri': 'http://repository.lppm.unila.ac.id/id/file/149703'}], 'main': 'peer review rudy mencari bentuk kedaulatan.pdf', 'docid': 30873, 'uri': 'http://repository.lppm.unila.ac.id/id/document/30873', 'rev_number': 1, 'pos': 1, 'format': 'text'}]",Fakultas Hukum,public,http://repository.lppm.unila.ac.id/id/eprint/17755,FALSE,347,2020-02-06 05:24:39,2020-02-06 05:24:39,Fiat Justisia,Hasil penilaian sejawat sebidang atau peer review,1978-5186,,,,,,,,,,,,,,
37,17727,The Models of Constitutional Interpretation Between The Constitutional Court of Indonesia and Japan: The Case of The Verdict Regarding Illegitimate Child,6,show,2020-02-06 05:27:26,archive,['K1'],"[{'id': 'rudy.1981@fh.unila.ac.id', 'name': {'given': 'Rudy', 'lineage': None, 'honourific': None, 'family': 'Rudy'}}]",disk0/00/01/77/27,article,['FH1'],,pub,"[{'uri': 'http://repository.lppm.unila.ac.id/id/document/30845', 'rev_number': 1, 'pos': 1, 'format': 'text', 'files': [{'uri': 'http://repository.lppm.unila.ac.id/id/file/149527', 'objectid': 30845, 'filesize': 146361, 'datasetid': 'document', 'mtime': '2020-01-29 03:34:56', 'hash_type': 'MD5', 'hash': 'bec1e9a5fa69dd3467208e969f4a51b0', 'filename': 'peer review rudy the models of constituonal.pdf', 'fileid': 149527, 'mime_type': 'application/pdf'}], 'main': 'peer review rudy the models of constituonal.pdf', 'docid': 30845, 'mime_type': 'application/pdf', 'language': 'en', 'placement': 1, 'security': 'public', 'eprintid': 17727}]",,public,http://repository.lppm.unila.ac.id/id/eprint/17727,FALSE,347,2020-02-06 05:27:26,2020-02-06 05:27:26,Jurnal Padjadjaran,Hasil penilaian sejawat sebidang atau peer review,0216-5186,,,,,,,,,,,,,,
38,17740,Normativisme Versus Kenyataan Hukum dalam Buku Gotong Royong Melawan Politik Uang,7,show,2020-02-06 05:18:53,archive,['K1'],"[{'name': {'honourific': None, 'family': 'Rudy', 'lineage': None, 'given': 'Rudy'}, 'id': 'rudy.1981@fh.unila.ac.id'}]",disk0/00/01/77/40,monograph,['FH1'],,pub,"[{'mime_type': 'application/pdf', 'language': 'en', 'security': 'public', 'placement': 1, 'eprintid': 17740, 'uri': 'http://repository.lppm.unila.ac.id/id/document/30858', 'rev_number': 1, 'format': 'text', 'pos': 1, 'files': [{'objectid': 30858, 'uri': 'http://repository.lppm.unila.ac.id/id/file/149612', 'datasetid': 'document', 'filesize': 126980, 'mime_type': 'application/pdf', 'fileid': 149612, 'hash': 'cc96580aea6930320d0d6fa7695b051a', 'filename': 'peer review rudy normativisme versus kenyataan hukum.pdf', 'hash_type': 'MD5', 'mtime': '2020-01-29 04:44:36'}], 'main': 'peer review rudy normativisme versus kenyataan hukum.pdf', 'docid': 30858}]",Sai Wawai Publishing,public,http://repository.lppm.unila.ac.id/id/eprint/17740,,347,2020-02-06 05:18:53,2020-02-06 05:18:53,,Hasil penilaian sejawat sebidang atau peer review,,,,,,,,,,,,,,,discussion_paper
39,17726,The Pathway of Civil Law Development in Indonesia : Law and Land,7,show,2020-02-06 05:18:43,archive,['K1'],"[{'id': 'rudy.1981@fh.unila.ac.id', 'name': {'given': 'Rudy', 'honourific': None, 'family': 'Rudy', 'lineage': None}}]",disk0/00/01/77/26,monograph,['FH1'],,pub,"[{'main': 'peer review rudy the pathway.pdf', 'docid': 30844, 'files': [{'hash': '244aa0fa6749e60a3dbdfa0074651a21', 'filename': 'peer review rudy the pathway.pdf', 'hash_type': 'MD5', 'mtime': '2020-01-29 03:30:48', 'mime_type': 'application/pdf', 'fileid': 149521, 'filesize': 127395, 'datasetid': 'document', 'uri': 'http://repository.lppm.unila.ac.id/id/file/149521', 'objectid': 30844}], 'pos': 1, 'format': 'text', 'rev_number': 1, 'uri': 'http://repository.lppm.unila.ac.id/id/document/30844', 'eprintid': 17726, 'placement': 1, 'security': 'public', 'mime_type': 'application/pdf', 'language': 'en'}]",Kobe University,public,http://repository.lppm.unila.ac.id/id/eprint/17726,,347,2020-02-06 05:18:43,2020-02-06 05:18:43,,Hasil penilaian sejawat sebidang atau peer review,,,,,,,,,,,,,,,discussion_paper
40,17738,"Patways to Customary Rights Recognition in Indonesia: Past, Present and Future Challenges",8,show,2020-02-06 05:21:48,archive,['K1'],"[{'id': 'rudy.1981@fh.unila.ac.id', 'name': {'given': 'Rudy', 'family': 'Rudy', 'honourific': None, 'lineage': None}}]",disk0/00/01/77/38,conference_item,['FH1'],,pub,"[{'placement': 1, 'security': 'public', 'eprintid': 17738, 'mime_type': 'application/pdf', 'language': 'en', 'files': [{'uri': 'http://repository.lppm.unila.ac.id/id/file/149600', 'objectid': 30856, 'filesize': 129939, 'datasetid': 'document', 'mtime': '2020-01-29 04:38:11', 'hash_type': 'MD5', 'filename': 'peer review rudy patsway to customary rights.pdf', 'hash': '583680c02fea322e91055c3a89a6ec0b', 'fileid': 149600, 'mime_type': 'application/pdf'}], 'main': 'peer review rudy patsway to customary rights.pdf', 'docid': 30856, 'uri': 'http://repository.lppm.unila.ac.id/id/document/30856', 'rev_number': 1, 'pos': 1, 'format': 'text'}]",,public,http://repository.lppm.unila.ac.id/id/eprint/17738,FALSE,347,2020-02-06 05:21:48,2020-02-06 05:21:48,,Hasil penilaian sejawat sebidang atau peer review,,conference,21-22 Mei 2015,Proceeding 12th ASLI Conference 2015 Law 2.0 New Challenges in Asia,Collage of Law National Taiwan University,paper,,,,,,,,,
41,17420,Pembangunan Hukum di Daerah Membangun Legislasi yang Mengayomi,7,show,2020-01-14 01:24:23,archive,['K1'],"[{'name': {'given': 'Rudy', 'family': 'Rudy', 'honourific': None, 'lineage': None}, 'id': 'rudy.1981@fh.unila.ac.id'}]",disk0/00/01/74/20,book_section,['FH1'],Buku Referensi,pub,"[{'main': 'Pembangunan Hukum di Daerah - Rudy.pdf', 'docid': 30546, 'files': [{'uri': 'http://repository.lppm.unila.ac.id/id/file/147393', 'objectid': 30546, 'filesize': 1997764, 'datasetid': 'document', 'mtime': '2019-12-27 02:16:24', 'hash_type': 'MD5', 'filename': 'Pembangunan Hukum di Daerah - Rudy.pdf', 'hash': '7ee5c5b489e279ae6524762ba23f70ef', 'fileid': 147393, 'mime_type': 'application/pdf'}], 'format': 'text', 'pos': 1, 'uri': 'http://repository.lppm.unila.ac.id/id/document/30546', 'rev_number': 1, 'eprintid': 17420, 'security': 'public', 'placement': 1, 'language': 'en', 'mime_type': 'application/pdf'}]",Anugrah Utama Raharja (AURA),public,http://repository.lppm.unila.ac.id/id/eprint/17420,FALSE,347,2020-01-14 01:24:23,2020-01-14 01:24:23,,,,,,,,,,1-126,,,,,,,
42,17737,Pembangunan Hukum di Daerah Membangun Legislasi yang Mengayomi,7,show,2020-02-06 05:21:23,archive,['K1'],"[{'name': {'honourific': None, 'family': 'Rudy', 'lineage': None, 'given': 'Rudy'}, 'id': 'rudy.1981@fh.unila.ac.id'}]",disk0/00/01/77/37,book,['FH1'],,pub,"[{'pos': 1, 'format': 'text', 'uri': 'http://repository.lppm.unila.ac.id/id/document/30855', 'rev_number': 1, 'main': 'peer review rudy pembangunan hukum didaerah.pdf', 'docid': 30855, 'files': [{'filename': 'peer review rudy pembangunan hukum didaerah.pdf', 'hash': 'f82aa3b35ab781ddfe18c4e85ba27ca6', 'mtime': '2020-01-29 04:35:01', 'hash_type': 'MD5', 'mime_type': 'application/pdf', 'fileid': 149593, 'filesize': 132160, 'datasetid': 'document', 'uri': 'http://repository.lppm.unila.ac.id/id/file/149593', 'objectid': 30855}], 'mime_type': 'application/pdf', 'language': 'en', 'eprintid': 17737, 'placement': 1, 'security': 'public'}]",CV. Anugrah Utama Raharja (AURA),public,http://repository.lppm.unila.ac.id/id/eprint/17737,FALSE,347,2020-02-06 05:21:23,2020-02-06 05:21:23,,Hasil penilaian sejawat sebidang atau peer review,,,,,,,,,,,,,,,
43,17736,Pemetaan Kedudukan dan Materi Muatan Peraturan Mahkamah Konstitusi,6,show,2020-02-06 05:27:29,archive,['K1'],"[{'id': 'rudy.1981@fh.unila.ac.id', 'name': {'given': 'Rudy', 'lineage': None, 'honourific': None, 'family': 'Rudy'}}]",disk0/00/01/77/36,article,['FH1'],,pub,"[{'language': 'en', 'mime_type': 'application/pdf', 'placement': 1, 'security': 'public', 'eprintid': 17736, 'rev_number': 1, 'uri': 'http://repository.lppm.unila.ac.id/id/document/30854', 'pos': 1, 'format': 'text', 'files': [{'uri': 'http://repository.lppm.unila.ac.id/id/file/149586', 'objectid': 30854, 'hash': 'bb51fff0f47e1a6ecdb105bd91d7f996', 'filename': 'peer review rudy pemetaan kedudukan.pdf', 'hash_type': 'MD5', 'mtime': '2020-01-29 04:24:21', 'mime_type': 'application/pdf', 'fileid': 149586, 'filesize': 137476, 'datasetid': 'document'}], 'docid': 30854, 'main': 'peer review rudy pemetaan kedudukan.pdf'}]",Fakultas Hukum,public,http://repository.lppm.unila.ac.id/id/eprint/17736,FALSE,347,2020-02-06 05:27:29,2020-02-06 05:27:29,Fiat Justisia,Hasil penilaian sejawat sebidang atau peer review,1978-5186,,,,,,,,,,,,,,
44,17735,Pemetaan Sengketa Kewenangan Lembaga Negara Evaluasi Satu Dasawarsa Putusan Mahkamah Konstitusi,7,show,2020-02-06 05:21:26,archive,['K1'],"[{'name': {'given': 'Rudy', 'lineage': None, 'family': 'Rudy', 'honourific': None}, 'id': 'rudy.1981@fh.unila.ac.id'}]",disk0/00/01/77/35,book,['FH1'],,pub,"[{'main': 'peer review rudy pemetaan sengketa kewenangan.pdf', 'docid': 30853, 'files': [{'uri': 'http://repository.lppm.unila.ac.id/id/file/149580', 'objectid': 30853, 'filesize': 131345, 'datasetid': 'document', 'hash_type': 'MD5', 'mtime': '2020-01-29 04:17:45', 'hash': 'a22ab2caf88b0d4e982c8b39ec771166', 'filename': 'peer review rudy pemetaan sengketa kewenangan.pdf', 'fileid': 149580, 'mime_type': 'application/pdf'}], 'format': 'text', 'pos': 1, 'uri': 'http://repository.lppm.unila.ac.id/id/document/30853', 'rev_number': 1, 'eprintid': 17735, 'security': 'public', 'placement': 1, 'mime_type': 'application/pdf', 'language': 'en'}]",Justice Publisher,public,http://repository.lppm.unila.ac.id/id/eprint/17735,FALSE,347,2020-02-06 05:21:26,2020-02-06 05:21:26,,Hasil penilaian sejawat sebidang atau peer review,,,,,,,,,,,,,,,
45,17734,Pengelolaan Kawasan Strategis Nasional Selat Sunda Evaluasi dan Konsep Penguatan Produk Hukum Daerah,7,show,2020-02-06 05:21:28,archive,['K1'],"[{'name': {'given': 'Rudy', 'lineage': None, 'family': 'Rudy', 'honourific': None}, 'id': 'rudy.1981@fh.unila.ac.id'}]",disk0/00/01/77/34,book,['FH1'],,pub,"[{'mime_type': 'application/pdf', 'language': 'en', 'eprintid': 17734, 'security': 'public', 'placement': 1, 'format': 'text', 'pos': 1, 'uri': 'http://repository.lppm.unila.ac.id/id/document/30852', 'rev_number': 1, 'docid': 30852, 'main': 'peer review rudy pengelolaan kawasan strategis.pdf', 'files': [{'mime_type': 'application/pdf', 'fileid': 149573, 'hash': '9069819396f16d6576db0c8ebb1a10bd', 'filename': 'peer review rudy pengelolaan kawasan strategis.pdf', 'mtime': '2020-01-29 04:11:57', 'hash_type': 'MD5', 'datasetid': 'document', 'filesize': 133593, 'objectid': 30852, 'uri': 'http://repository.lppm.unila.ac.id/id/file/149573'}]}]",Indepth Publishing PPKPHAM Bandar Lampung,public,http://repository.lppm.unila.ac.id/id/eprint/17734,FALSE,347,2020-02-06 05:21:28,2020-02-06 05:21:28,,Hasil penilaian sejawat sebidang atau peer review,,,,,,,,,,,,,,,
46,17733,Penguatan Pemerintah Daerah dalam Pembentukan Peraturan Daerah,7,show,2020-02-06 05:18:50,archive,['K1'],"[{'id': 'rudy.1981@fh.unila.ac.id', 'name': {'lineage': None, 'family': 'Rudy', 'honourific': None, 'given': 'Rudy'}}]",disk0/00/01/77/33,monograph,['FH1'],,pub,"[{'mime_type': 'application/pdf', 'language': 'en', 'placement': 1, 'security': 'public', 'eprintid': 17733, 'uri': 'http://repository.lppm.unila.ac.id/id/document/30851', 'rev_number': 1, 'pos': 1, 'format': 'text', 'files': [{'fileid': 149566, 'mime_type': 'application/pdf', 'hash_type': 'MD5', 'mtime': '2020-01-29 04:04:15', 'hash': '4884dfa038c667e8ca01df9229bfd390', 'filename': 'peer review rudy penguatan pemerintah daerah.pdf', 'datasetid': 'document', 'filesize': 128240, 'objectid': 30851, 'uri': 'http://repository.lppm.unila.ac.id/id/file/149566'}], 'main': 'peer review rudy penguatan pemerintah daerah.pdf', 'docid': 30851}]",Panitia Perancangan Undang-Undang DPD RI,public,http://repository.lppm.unila.ac.id/id/eprint/17733,,347,2020-02-06 05:18:50,2020-02-06 05:18:50,,Hasil penilaian sejawat sebidang atau peer review,,,,,,,,,,,,,,,discussion_paper
47,17732,"Prolog : Rekonstruksi Negara Hukum Indonesia, Beranjak dari Teori Rechtaat Menuju Welfare State Pancasila dalam Buku Negara Hukum Kesejahteraan",7,show,2020-02-06 05:18:48,archive,['K1'],"[{'id': 'rudy.1981@fh.unila.ac.id', 'name': {'lineage': None, 'honourific': None, 'family': 'Rudy', 'given': 'Rudy'}}]",disk0/00/01/77/32,monograph,['FH1'],,pub,"[{'format': 'text', 'pos': 1, 'rev_number': 1, 'uri': 'http://repository.lppm.unila.ac.id/id/document/30850', 'main': 'peer review rudy prolog rekonstruksi negara hukum.pdf', 'docid': 30850, 'files': [{'datasetid': 'document', 'filesize': 134197, 'mime_type': 'application/pdf', 'fileid': 149559, 'hash': '2186d4036b3dad639a7f6cdcc891c77d', 'filename': 'peer review rudy prolog rekonstruksi negara hukum.pdf', 'mtime': '2020-01-29 04:00:31', 'hash_type': 'MD5', 'objectid': 30850, 'uri': 'http://repository.lppm.unila.ac.id/id/file/149559'}], 'mime_type': 'application/pdf', 'language': 'en', 'eprintid': 17732, 'security': 'public', 'placement': 1}]",Fakultas Hukum Universitas Lampung,public,http://repository.lppm.unila.ac.id/id/eprint/17732,,347,2020-02-06 05:18:48,2020-02-06 05:18:48,,Hasil Penilaian sejawat sebidang atau peer review,,,,,,,,,,,,,,,discussion_paper
48,17730,Strategi Pembangunan Hukum di Kabupaten Lampung Timur,7,show,2020-02-06 05:25:36,archive,['K1'],"[{'id': 'rudy.1981@fh.unila.ac.id', 'name': {'given': 'Rudy', 'lineage': None, 'honourific': None, 'family': 'Rudy'}}]",disk0/00/01/77/30,book_section,['FH1'],Strategi Pembangunan Hukum di Kabupaten Lampung Timur,pub,"[{'rev_number': 1, 'uri': 'http://repository.lppm.unila.ac.id/id/document/30848', 'pos': 1, 'format': 'text', 'files': [{'fileid': 149545, 'mime_type': 'application/pdf', 'mtime': '2020-01-29 03:43:07', 'hash_type': 'MD5', 'hash': '77a7380499232dd7da1e51c500a50c2f', 'filename': 'peer review rudy strategi pembangunan.pdf', 'datasetid': 'document', 'filesize': 128594, 'objectid': 30848, 'uri': 'http://repository.lppm.unila.ac.id/id/file/149545'}], 'docid': 30848, 'main': 'peer review rudy strategi pembangunan.pdf', 'language': 'en', 'mime_type': 'application/pdf', 'placement': 1, 'security': 'public', 'eprintid': 17730}]",CV. Anugrah Utama Raharja (AURA),public,http://repository.lppm.unila.ac.id/id/eprint/17730,FALSE,347,2020-02-06 05:25:36,2020-02-06 05:25:36,,Hasil penilaian sejawat sebidang atau peer review,,,,,,,,,,,,,,,
49,17728,Tekab 308 dan Piil Penegakan Hukum dalam Buku Bahyangkara Lampung Melintas Badai,7,show,2020-02-06 05:18:45,archive,['K1'],"[{'name': {'given': 'Rudy', 'lineage': None, 'family': 'Rudy', 'honourific': None}, 'id': 'rudy.1981@fh.unila.ac.id'}]",disk0/00/01/77/28,monograph,['FH1'],,pub,"[{'main': 'peer review rudy tekab 308.pdf', 'docid': 30846, 'files': [{'objectid': 30846, 'uri': 'http://repository.lppm.unila.ac.id/id/file/149534', 'datasetid': 'document', 'filesize': 132727, 'mime_type': 'application/pdf', 'fileid': 149534, 'filename': 'peer review rudy tekab 308.pdf', 'hash': '5a4c4542471c2b96c7b2b0815d7d38c1', 'hash_type': 'MD5', 'mtime': '2020-01-29 03:38:37'}], 'format': 'text', 'pos': 1, 'uri': 'http://repository.lppm.unila.ac.id/id/document/30846', 'rev_number': 1, 'eprintid': 17728, 'security': 'public', 'placement': 1, 'mime_type': 'application/pdf', 'language': 'en'}]",Lampung Post Polda Lampung,public,http://repository.lppm.unila.ac.id/id/eprint/17728,,347,2020-02-06 05:18:45,2020-02-06 05:18:45,,Hasil penilaian sejawat sebidang atau peer review,,,,,,,,,,,,,,,discussion_paper
50,17724,Wajah Hukum dalam Realitas (Butir-Butir Pemikiran Ronald Dworkin dalam Konstitusionalisme dan Pengaruhnya terhadap Konstitusionalisme Indonesia),7,show,2020-02-06 05:18:41,archive,['K1'],"[{'id': 'rudy.1981@fh.unila.ac.id', 'name': {'honourific': None, 'family': 'Rudy', 'lineage': None, 'given': 'Rudy'}}]",disk0/00/01/77/24,monograph,['FH1'],,pub,"[{'language': 'en', 'mime_type': 'application/pdf', 'security': 'public', 'placement': 1, 'eprintid': 17724, 'rev_number': 1, 'uri': 'http://repository.lppm.unila.ac.id/id/document/30842', 'format': 'text', 'pos': 1, 'files': [{'objectid': 30842, 'uri': 'http://repository.lppm.unila.ac.id/id/file/149507', 'mime_type': 'application/pdf', 'fileid': 149507, 'hash': 'c33aafd6fbd59575d0877bf4a87a8955', 'filename': 'peer review rudy wajah hukum dalam realitas.pdf', 'mtime': '2020-01-29 03:20:11', 'hash_type': 'MD5', 'datasetid': 'document', 'filesize': 132285}], 'docid': 30842, 'main': 'peer review rudy wajah hukum dalam realitas.pdf'}]",Fakultas Hukum Universitas Lampung,public,http://repository.lppm.unila.ac.id/id/eprint/17724,,347,2020-02-06 05:18:41,2020-02-06 05:18:41,,Hasil penilaian sejawat sebidang atau peer review,,,,,,,,,,,,,,,discussion_paper
51,10758,evaluasi pemilukada secara menyeluruh,7,show,2019-04-09 02:31:29,archive,['K1'],"[{'name': {'given': 'Wahyu', 'family': 'Wahyu Sasongko', 'honourific': None, 'lineage': None}}]",disk0/00/01/07/58,book_section,['FH1'],Potret Pemilukada Serentak,pub,"[{'eprintid': 10758, 'placement': 1, 'security': 'public', 'mime_type': 'application/pdf', 'language': 'en', 'main': 'wahyu sasongko.potret pemulikada  2019.pdf', 'docid': 23772, 'files': [{'uri': 'http://repository.lppm.unila.ac.id/id/file/99254', 'objectid': 23772, 'filesize': 9370507, 'datasetid': 'document', 'filename': 'wahyu sasongko.potret pemulikada  2019.pdf', 'hash': 'fa6d15149cc441162c601a2ec01ff2a9', 'hash_type': 'MD5', 'mtime': '2019-02-14 03:51:39', 'mime_type': 'application/pdf', 'fileid': 99254}], 'pos': 1, 'format': 'text', 'rev_number': 1, 'uri': 'http://repository.lppm.unila.ac.id/id/document/23772'}]",Dewan Kehormatan Penyelenggara Pemilu (DKPP RI),public,http://repository.lppm.unila.ac.id/id/eprint/10758,FALSE,987,2019-04-09 02:31:29,2019-04-09 02:31:29,,,,,,,,,,161-164,,,,,978-602-74134-1-2,Jakarta,
52,29140,Dinamika Penegakan Hukum Pemerintahan Daerah,7,show,2021-04-13 02:12:58,archive,['K1'],"[{'name': {'given': 'yuswanto', 'honourific': None, 'family': 'Yuswanto', 'lineage': None}}]",disk0/00/02/91/40,book_section,['FH1'],Dinamika Penegakan Hukum Pemerintahan Daerah,pub,"[{'format': 'text', 'pos': 1, 'uri': 'http://repository.lppm.unila.ac.id/id/document/43250', 'rev_number': 1, 'main': 'Reviewer Redasain Hukum.pdf', 'docid': 43250, 'files': [{'datasetid': 'document', 'filesize': 245082, 'mime_type': 'application/pdf', 'fileid': 258407, 'hash': '50e89df296b9db0ad20a5a5ce1e0a2ae', 'filename': 'Reviewer Redasain Hukum.pdf', 'mtime': '2021-04-12 04:30:44', 'hash_type': 'MD5', 'objectid': 43250, 'uri': 'http://repository.lppm.unila.ac.id/id/file/258407'}], 'language': 'en', 'mime_type': 'application/pdf', 'eprintid': 29140, 'security': 'public', 'placement': 1}]",Pusaka Media Anggota IKAPI,public,http://repository.lppm.unila.ac.id/id/eprint/29140,FALSE,1065,2021-04-13 02:12:58,2021-04-13 02:12:58,,Hasil Penilaian Sejawat Sebidang atau Peer Review,,,,,,,,,,,,,,,
53,51738,HUKUM LINGKUNGAN Perspektif Otonomi Daerah,7,show,2023-05-17 04:06:53,archive,['K1'],"[{'name': {'given': 'akib', 'honourific': None, 'family': 'muhammad akib', 'lineage': None}, 'id': 'muhammad.akib@fh.unila.ac.id'}]",disk0_bak/00/05/17/38,book,['FH1'],,pub,"[{'language': 'en', 'mime_type': 'application/pdf', 'security': 'public', 'placement': 1, 'eprintid': 51738, 'uri': 'http://repository.lppm.unila.ac.id/id/document/250116', 'rev_number': 1, 'format': 'text', 'pos': 1, 'files': [{'objectid': 250116, 'uri': 'http://repository.lppm.unila.ac.id/id/file/612940', 'datasetid': 'document', 'filesize': 2939138, 'mime_type': 'application/pdf', 'fileid': 612940, 'hash': '7b4c973d9745dcec678b8cfe1c959ee1', 'filename': 'buku hukum lingkungan otda_compressed.pdf', 'mtime': '2023-05-17 03:18:19', 'hash_type': 'MD5'}], 'docid': 250116, 'main': 'buku hukum lingkungan otda_compressed.pdf'}]",Graha Ilmu,public,http://repository.lppm.unila.ac.id/id/eprint/51738,TRUE,1069,2023-05-17 04:06:53,2023-05-17 04:06:53,,,,,,,,,,,,,,,,,
54,51740,Penegakan Hukum Lingkungan dalam Perspektif Holistik-Ekologis,7,show,2023-05-17 04:06:55,archive,['K1'],"[{'name': {'family': 'muhammad akib', 'honourific': None, 'lineage': None, 'given': 'akib'}, 'id': 'muhammad.akib@fh.unila.ac.id'}]",disk0_bak/00/05/17/40,book,['FH1'],,pub,"[{'rev_number': 1, 'uri': 'http://repository.lppm.unila.ac.id/id/document/250118', 'pos': 1, 'format': 'text', 'files': [{'datasetid': 'document', 'filesize': 3372156, 'mime_type': 'application/pdf', 'fileid': 612950, 'filename': 'Buku Penegakan Hukum Lingkungan-2015 9 (sudah)_compressed.pdf', 'hash': '1907c259295cdeb152c78ab64d673b04', 'hash_type': 'MD5', 'mtime': '2023-05-17 03:21:02', 'objectid': 250118, 'uri': 'http://repository.lppm.unila.ac.id/id/file/612950'}], 'main': 'Buku Penegakan Hukum Lingkungan-2015 9 (sudah)_compressed.pdf', 'docid': 250118, 'mime_type': 'application/pdf', 'language': 'en', 'placement': 1, 'security': 'public', 'eprintid': 51740}]",Graha Ilmu,public,http://repository.lppm.unila.ac.id/id/eprint/51740,TRUE,1069,2023-05-17 04:06:55,2023-05-17 04:06:55,,,,,,,,,,,,,,,,,
55,39298,INDONESIA MENJADI ANGGOTA TIDAK TETAP DK PBB: KESEMPATAN EMAS BAGI INDONESIA UNTUK MENUNJUKKAN JATI DIRINYA DALAM KANCAH PERGAULAN INTERNASIONAL,8,show,2022-02-15 08:15:08,archive,['K1'],"[{'name': {'lineage': None, 'honourific': None, 'family': 'yunita maya putri', 'given': 'yunita maya putri'}}]",disk0/00/03/92/98,other,['FH1'],,pub,"[{'main': 'Indonesia menjadi anggota tidak tetap dk pbb.pdf', 'docid': 160583, 'files': [{'fileid': 442274, 'mime_type': 'application/pdf', 'hash_type': 'MD5', 'mtime': '2022-02-15 07:12:11', 'filename': 'Indonesia menjadi anggota tidak tetap dk pbb.pdf', 'hash': '6de69333c39886f6221d8765ef5732ae', 'datasetid': 'document', 'filesize': 217437, 'objectid': 160583, 'uri': 'http://repository.lppm.unila.ac.id/id/file/442274'}], 'pos': 1, 'format': 'text', 'uri': 'http://repository.lppm.unila.ac.id/id/document/160583', 'rev_number': 1, 'eprintid': 39298, 'placement': 1, 'security': 'public', 'language': 'en', 'mime_type': 'application/pdf'}]",Indonesian Society of International Law Lecturers,public,http://repository.lppm.unila.ac.id/id/eprint/39298,,1198,2022-02-15 08:15:08,2022-02-15 08:15:08,,,,,,,,,,,,,,,,,
