,datestamp,pagerange,userid,lastmod,refereed,full_text_status,uri,documents,ispublished,number,divisions,type,dir,creators,issn,publication,abstract,subjects,status_changed,eprint_status,metadata_visibility,rev_number,volume,title,official_url,eprintid,publisher,date_type,related_url,contact_email,id_number
0,2022-11-25 01:18:30,4720-4730,559,2022-11-25 01:18:30,TRUE,public,http://repository.lppm.unila.ac.id/id/eprint/46830,"[{'placement': 1, 'security': 'public', 'eprintid': 46830, 'language': 'en', 'mime_type': 'application/pdf', 'files': [{'uri': 'http://repository.lppm.unila.ac.id/id/file/515450', 'objectid': 185765, 'filename': '2868-11402-1-PB.pdf', 'hash': '101c95356ee0d505ab3c5e8912e01257', 'hash_type': 'MD5', 'mtime': '2022-11-24 08:20:51', 'mime_type': 'application/pdf', 'fileid': 515450, 'filesize': 441667, 'datasetid': 'document'}], 'main': '2868-11402-1-PB.pdf', 'docid': 185765, 'rev_number': 1, 'uri': 'http://repository.lppm.unila.ac.id/id/document/185765', 'pos': 1, 'format': 'text'}]",pub,1.0,['FKIP3'],article,disk0/00/04/68/30,"[{'id': None, 'name': {'family': 'Alhafidz Riandeni', 'honourific': None, 'lineage': None, 'given': 'AR'}}, {'id': 'SafiraShodiq@yahoo.com', 'name': {'lineage': None, 'family': 'Dwi Yulianti', 'honourific': None, 'given': 'DY'}}, {'id': 'iwayan.distrik@fkip.unila.ac.id', 'name': {'given': 'IWD', 'family': 'I Wayan Distrik', 'honourific': None, 'lineage': None}}]",2580-3735,Jurnal Basicedu Research and Learning in Elementary Education,"Masalah dalam penelitian dan pengembangan penelitian ini adalah pendidik belum mengembangkan 
instrumen penilaian kognitif sekolah dasar. Penelitian ini bertujuan mengembangkan instrument penilaian 
kognitif berbasis student active learning untuk peningkatan critical thinking peserta didik sekolah dasar yang 
mengacu pada pembelajaran K-13. Jenis penelitian pada penelitian dan pengembangan ini ialah (research and 
development). Populasi pada penelitian ini yaitu pada peserta didik kelas lima di Rayon 3 Kecamatan Way 
Lima, Kabupaten Pesawaran, Provinsi Lampung. Sampel pada penelitian ini ditentukan menggunakan teknik 
purposive sampling sebanyak 25 peserta didik kelas lima SD Negsderi 29 Way Lima pengumpulan data 
melalui lembar angket, dan soal tes. Hasil penelitian ini menunjukkan, instrumen penilaian kognitif yang 
dikembangkan memadai menurut teori dan empirik. Kelayakan teori instrument penilaian kognitif 
berdasarkan hasil penilaian dari tiga ahli termasuk dalam kategori sangat baik, relevan, praktis, representatif, 
diskriminatif, spesifik, serta proporsional. Kelayakan empirik instrumen penilaian kognitif berdasarkan 
analisis butir soal yaitu seluruh soal telah valid dan memiliki reliabilitas yang tinggi.
Kata Kunci: instrumen penilaian, student active learning, tematik terpadu, critical thinking.",['L1'],2022-11-25 01:18:30,archive,show,6,4.0,"Pengembangan Instrumen Penilaian Kognitif Berbasis Student Active Learning untuk 
Meningkatkan Critical Thinking Peserta Didik Sekolah Dasar",https://sinta.ristekbrin.go.id/journals/detail?id=4083,46830,,,,,
1,2020-11-23 01:01:42,,955,2020-11-23 01:01:42,TRUE,public,http://repository.lppm.unila.ac.id/id/eprint/26631,"[{'mime_type': 'application/pdf', 'language': 'en', 'security': 'public', 'placement': 1, 'eprintid': 26631, 'uri': 'http://repository.lppm.unila.ac.id/id/document/40603', 'rev_number': 1, 'format': 'text', 'pos': 1, 'files': [{'fileid': 239449, 'mime_type': 'application/pdf', 'hash_type': 'MD5', 'mtime': '2020-11-22 13:10:33', 'hash': '0bd9fee41e3e36254cd8f9e1b3f19fcf', 'filename': 'jurnal saburai Dr. Amnawaty.pdf', 'datasetid': 'document', 'filesize': 498152, 'objectid': 40603, 'uri': 'http://repository.lppm.unila.ac.id/id/file/239449'}], 'main': 'jurnal saburai Dr. Amnawaty.pdf', 'docid': 40603}]",pub,1.0,['FKIP3'],article,disk0/00/02/66/31,"[{'name': {'given': 'S.H., M.H', 'honourific': None, 'family': 'Amnawaty', 'lineage': None}, 'id': 'amnawaty@yahoo.com'}]",2502-1788,Ilmu Hukum Justicia Sains,"Perkawinan perempuan yang sedang hamil dibawah usia kandungan 6 bulan adalah anak sah dan dilindungi menurut hukum negara. Oleh karena itu anak tersebut berhak mendapatkan semua haknya. Setelah direvisinya Pasal 43 UUP anak yang lahir di luar perkawinan sah bisa mendapatkan mengajukan hak-haknya dari bapak biologisnya sepanjang dapat dibuktikan dengan teknologi dan ilmu pengetahuan bahwa seseorang adalah ayah biologisnya dipengadilan.
Kata Kunci: Perlindungan Hukum, Anak, Perkawinan.",['K1'],2020-11-23 01:01:42,archive,show,7,5.0,PERLINDUNGAN HUKUM TERHADAP ANAK YANG LAHIR DARI PERKAWINAN PEREMPUAN HAMIL,http://jurnal.saburai.ac.id/index.php/hkm/article/view/682,26631,Universitas Sang Bumi Ruwa Jurai Bandar Lampung,,,,
2,2023-01-16 03:13:49,353-357,559,2023-01-16 03:13:49,TRUE,public,http://repository.lppm.unila.ac.id/id/eprint/47841,"[{'rev_number': 1, 'uri': 'http://repository.lppm.unila.ac.id/id/document/186942', 'format': 'text', 'pos': 1, 'files': [{'uri': 'http://repository.lppm.unila.ac.id/id/file/523608', 'objectid': 186942, 'hash_type': 'MD5', 'mtime': '2023-01-16 03:02:38', 'hash': '45ed8cefa1a113ac4ab26464d0f1facf', 'filename': 'Jurnal Anadya tri sabrini.pdf', 'fileid': 523608, 'mime_type': 'application/pdf', 'filesize': 230706, 'datasetid': 'document'}], 'docid': 186942, 'main': 'Jurnal Anadya tri sabrini.pdf', 'mime_type': 'application/pdf', 'language': 'en', 'security': 'public', 'placement': 1, 'eprintid': 47841}]",pub,2.0,['FKIP3'],article,disk0_bak/00/04/78/41,"[{'name': {'lineage': None, 'family': 'Anadya Tri Sabrini', 'honourific': None, 'given': 'ATS'}, 'id': None}, {'id': 'safira_shodiq@yahoo.com', 'name': {'given': 'Dwi', 'lineage': None, 'family': 'Dwi Yulianti', 'honourific': None}}, {'id': None, 'name': {'given': 'DM', 'lineage': None, 'honourific': None, 'family': 'Dina Maulina'}}, {'name': {'given': 'Sugeng Widodo', 'lineage': None, 'family': 'Sugeng Widodo', 'honourific': None}, 'id': 'sugeng.widodo@fkip.unila.ac.id'}]",2690-5167,The International Journal of Social Sciences World,"This study uses LKPD based on the PQ4R strategy, as an alternative to
increasing students' creative thinking. This study aims to determine
the validity and effectiveness of LKPD based on the PQ4R system to
improve students' creative thinking. This research is a type of Research
and Development (R&D) research; the development is carried out
according to the theory of Borg & Gall. The population of this study was
fourth-grade students at an Elementary school in Indonesia (SD Gugus
Labuhan Ratu, Bandar Lampung- Indonesia). The subjects in this study
were determined using a purposive sampling technique and obtained
as many as 24 students. The data collection tool uses valid and reliable
test instruments. The validity data analysis technique shows that the
PQ4R strategy-based worksheet is perfect. The effectiveness data
analysis technique uses N-Gain with a calculation result of 0.63 with a
significance of 0.01 <0.05. Based on this research, the LKPD based on
the PQ4R strategy developed is valid and effective for increasing the
creative thinking of elementary school students.","['AC', 'L1']",2023-01-16 03:13:49,archive,show,7,4.0,"Development of LKPD Based on PQ4R Strategy to Improve
Students' Creative Thinking",https://www.growingscholar.org/journal/index.php/TIJOSSW,47841,Growing Scholar Publishing,published,,,
3,2021-05-28 04:15:44,,709,2021-08-09 03:58:15,TRUE,public,http://repository.lppm.unila.ac.id/id/eprint/31116,"[{'format': 'text', 'pos': 2, 'rev_number': 2, 'uri': 'http://repository.lppm.unila.ac.id/id/document/140538', 'main': 'C1101023035.pdf', 'docid': 140538, 'files': [{'objectid': 140538, 'uri': 'http://repository.lppm.unila.ac.id/id/file/368895', 'mime_type': 'application/pdf', 'fileid': 368895, 'filename': 'C1101023035.pdf', 'hash': '62740d4d0b5ffe8558929c10e3dcccba', 'mtime': '2021-05-28 03:38:43', 'hash_type': 'MD5', 'datasetid': 'document', 'filesize': 254229}], 'language': 'en', 'mime_type': 'application/pdf', 'eprintid': 31116, 'security': 'public', 'placement': 2}]",pub,,['FKIP3'],article,disk0/00/03/11/16,"[{'id': None, 'name': {'given': 'Tias', 'family': 'Anggariani', 'honourific': None, 'lineage': None}}, {'name': {'given': 'N E', 'honourific': None, 'family': 'Rusminto', 'lineage': None}, 'id': 'nurlaksana.eko@fkip.unila.ac.id'}, {'id': 'eenhaenilah@gmail.com', 'name': {'lineage': None, 'family': 'Haenilah', 'honourific': None, 'given': 'Een Yayah'}}]","e-ISSN: 2320–7388,p-ISSN: 2320–737X",IOSR Journal of Research & Method in Education (IOSR-JRME),"This research and development aim to develop an ilustrated book based on the environment as a
source of learning that is feasible for students. The study population was fourth-grade students at Public
Elementary School 1 Sukamaju, East Teluk Betung, Bandar Lampung. The research method uses Borg & Gall
design. Data collection techniques using questionnaires and observation sheets. Data analysis used the Whitney
U-test. The results showed that an ilustrated book based on the environment as a learning resource is feasible
and effectively used to improve student learning outcomes. The feasibility of an ilustrated book based on the
environment as a learning resource is based on the assessment of 3 experts and practitioner tests with very good
categories, then the attractiveness test of 10 students gets a very high category. The ilustrated book based on the
environment as a learning resource is also effectively used in improving student learning outcomes on the
pretest and posttest scores with the results of the calculation of the Whitney U-test with u count score ≤ u table,
that is 5.5 ≤ 20 so H0 is rejected or H1 is accepted. Based on the research results, it shows that the ilustrated
book based on the environment product as a feasible and effective learning resource is used to improve learning
outcomes of fourth-grade students in Elementary School.
Keywords: Ilustrated Book, Environment, learning outcomes",['L1'],2021-05-28 04:15:44,archive,show,11,11.0,"The Development of Ilustrated Book Based On the Environment
as A Learning Source to Improve the Learning Outcomes of
Fourth-Grade Student in Elementary School",,31116,IOSR Journal of Research & Method in Education (IOSR-JRME),,,,
4,2023-01-16 04:28:22,7-13,559,2023-01-16 04:28:22,TRUE,public,http://repository.lppm.unila.ac.id/id/eprint/47842,"[{'security': 'public', 'placement': 1, 'eprintid': 47842, 'mime_type': 'application/pdf', 'language': 'en', 'files': [{'filesize': 657631, 'datasetid': 'document', 'filename': 'document.pdf', 'hash': '301b1f4eaf044a7a5c8c1c41ac0036a3', 'mtime': '2023-01-16 04:13:26', 'hash_type': 'MD5', 'mime_type': 'application/pdf', 'fileid': 523617, 'uri': 'http://repository.lppm.unila.ac.id/id/file/523617', 'objectid': 186943}], 'main': 'document.pdf', 'docid': 186943, 'rev_number': 1, 'uri': 'http://repository.lppm.unila.ac.id/id/document/186943', 'format': 'text', 'pos': 1}]",pub,1.0,['FKIP3'],article,disk0_bak/00/04/78/42,"[{'name': {'given': 'CSM', 'lineage': None, 'honourific': None, 'family': 'CitySepti Maryanti'}, 'id': None}, {'name': {'lineage': None, 'family': 'Undang Rosidin', 'honourific': None, 'given': 'UR'}, 'id': 'undangros@yahoo.com'}, {'id': None, 'name': {'lineage': None, 'honourific': None, 'family': 'Een Yayah Haenilah', 'given': 'EYH'}}, {'id': 'safira_shodiq@yahoo.com', 'name': {'given': 'Dwi', 'family': 'Dwi Yulianti', 'honourific': None, 'lineage': None}}]",,INTERNATIONAL JOURNAL OF EDUCATIONAL STUDIESIN SOCIAL SCIENCES,"The purpose of this research was to develop a culturally charged assessment instrument that is appropriate and practicable for measuring cultural attitudes at SD Al Kautsar Bandar Lampung. This  is  a  development  research  approach  that  used  the  Borg  &  Gall  design  with  a  one-group posttest-only design. This study's population was SD Al Kautsar Raja Basa Bandar Lampung in class II SD, which included 9 teachers and 225 students. The research was conducted in class II SD Al Kautsar Bandar Lampung with a sample consisting of 10 students and 2 class II teachers. The large group trial consisted of 32 students and 3 class II teachers. The results of this study indicate that the developed culturally charged assessment instrument is feasible based on the results of expert validation  with  an  average  of  85.8%.  Furthermore,  significant  differences  in  the  findings  of observations of respect and obedience to teachers were discovered. The results of small and large group  practitioners  yielded  an  average  score  of  85.8%  for  student  practitioner  responses  and 80.5%  for  educator  practitioner  responses,  indicating  the  practicability  of  culturally  charged assessment instrument products. Thus, it can be concluded that the assessment instrument for measuring  school  culture  in  class  II SD  Al  Kautsar  Bandar  Lampung  Theme  4  sub-theme  4 developed using the Borg and Gall R&D steps of thematic learning in class II SD Al Kautsar Bandar Lampung Theme 4 sub-theme 4 is feasible and practicable for use in research",['L1'],2023-01-16 04:28:22,archive,show,8,3.0,Developing  a  culture-based  assessment  instrument  to  assess  second-graders'  cultural attitudes: A case study in a private elementary school in Bandar Lampung City,ttps://doi.org/10.53402/ijesss.v3i1.232,47842,,published,,,
5,2019-05-09 01:33:40,,889,2019-05-09 01:33:40,TRUE,restricted,http://repository.lppm.unila.ac.id/id/eprint/11991,"[{'files': [{'objectid': 24980, 'uri': 'http://repository.lppm.unila.ac.id/id/file/107463', 'fileid': 107463, 'mime_type': 'application/pdf', 'hash_type': 'MD5', 'mtime': '2019-05-08 02:25:11', 'hash': '311ad9e24ea58cefa4e00e05e0594281', 'filename': 'Using Worksheets in Integrated _ Darsono-min.pdf', 'datasetid': 'document', 'filesize': 2911467}], 'docid': 24980, 'main': 'Using Worksheets in Integrated _ Darsono-min.pdf', 'formatdesc': 'Using Worksheets in Integrated Thematic Instruction at Elementary Schools', 'uri': 'http://repository.lppm.unila.ac.id/id/document/24980', 'rev_number': 3, 'format': 'other', 'pos': 1, 'security': 'staffonly', 'placement': 1, 'eprintid': 11991, 'content': 'published', 'language': 'en', 'mime_type': 'application/pdf'}]",pub,11.0,['FKIP3'],article,disk0/00/01/19/91,"[{'id': 'darsono.1954@fkip.unila.ac.id', 'name': {'lineage': None, 'family': 'Darsono', 'honourific': None, 'given': 'Darsono'}}, {'id': 'alben_ambarita57@yahoo.com', 'name': {'honourific': None, 'family': 'Alben Ambarita', 'lineage': None, 'given': 'Alben'}}, {'name': {'given': 'Eni', 'family': 'Setianingsih', 'honourific': None, 'lineage': None}, 'id': 'enisetianingsih@gmail.com'}, {'name': {'given': 'Budi', 'lineage': None, 'family': 'Kadaryanto', 'honourific': None}, 'id': 'kadaryanto@gmail.com'}]",2222-1735,Using Worksheets in Integrated Thematic Instruction at Elementary Schools,"Integrated thematic instruction in Elementary Schools have not always offered promising results for elementary students in Indonesian context. Additional interventions could be an alternative that makes thematic instructions at elementary levels achieve better results. One way that could be applicable is by the use of students’ worksheets which support learning for students. The purposes of study were (1) to test the use of worksheets in integrated thematic instructions in a scientific approach, and (2) to see the effectiveness of worksheets in integrated thematic instruction. This research was conducted by using research and development method in selected elementary schools in Metro, Lampung, Indonesia. The results showed that the students worksheets developed based on scientific approaches, validated by material experts, learning method experts, as well as teachers’ classroom teachers, were found effective to be used in integrated thematic instructions. The students’ achievement and the teaching learning process were found better.

Keywords: student worksheet, scientific approach, integrated thematic instruction","['H1', 'L1']",2019-05-09 01:33:40,archive,show,8,9.0,Using Worksheets in Integrated Thematic Instruction at Elementary Schools,https://www.iiste.org/Journals/index.php/JEP/article/view/42193,11991,,,[{'url': 'https://www.iiste.org/Journals/index.php/JEP/article/view/42193'}],,
6,2021-11-06 08:23:34,,789,2021-11-06 08:23:34,TRUE,public,http://repository.lppm.unila.ac.id/id/eprint/35265,"[{'placement': 1, 'security': 'public', 'eprintid': 35265, 'mime_type': 'application/pdf', 'language': 'en', 'files': [{'mtime': '2021-11-06 06:48:25', 'hash_type': 'MD5', 'hash': '4c7f3c75b8e2810636072cb43f8198c3', 'filename': 'document (1).pdf', 'fileid': 411778, 'mime_type': 'application/pdf', 'filesize': 318050, 'datasetid': 'document', 'uri': 'http://repository.lppm.unila.ac.id/id/file/411778', 'objectid': 156058}], 'docid': 156058, 'main': 'document (1).pdf', 'uri': 'http://repository.lppm.unila.ac.id/id/document/156058', 'rev_number': 1, 'pos': 1, 'format': 'text'}]",pub,,['FKIP3'],article,disk0/00/03/52/65,"[{'id': None, 'name': {'given': 'Dinda', 'family': 'Dinda', 'honourific': None, 'lineage': None}}, {'id': 'alben.ambarita@fkip.unila.ac.id', 'name': {'given': 'Alben', 'family': 'Ambarita', 'honourific': None, 'lineage': None}}, {'id': 'herpratiwi.1964@fkip.unila.ac.id', 'name': {'given': 'Herpratiwi', 'lineage': None, 'family': 'Herpratiwi', 'honourific': None}}, {'name': {'given': 'Nurhanurawati', 'lineage': None, 'family': 'Nurhanurawati', 'honourific': None}, 'id': 'nurhanurawati94@gmail.com'}]",2580-1147,Jurnal Basicedu Journal of Elementary Education,"Tujuan penelitian ini adalah mengembangkan LKPD berbasis PBL yang efektif dalam meningkatkan kemampuan pemecahan masalah pada pembelajaran matematika peserta didik kelas V SD/MI. Penelitian pengembangan ini mengikuti enam tahap metode Borg and Gall. Populasi penelitian adalah seluruh peserta didik kelas V Madrasah Ibtidaiyah Negeri Kota Metro, Lampung. Sampel penelitian adalah seluruh peserta didik kelas VA MIN 3 Metro sebanyak 25 peserta didik. Data penelitian diperoleh melalui observasi, angket, dokumentasi, dan tes hasil belajar. Hasil penelitian menunjukkan bahwa produk LKPD berbasis PBL efektif dalam meningkatkan kemampuan pemecahan masalah pada pembelajaran matematika kelas V SD/MI dengan perolehan n-gain sebesar 0,63 ternormalisasi pada klasifikasi sedang dan tingkat efektivitas pada kategori efektif",['L1'],2021-11-06 08:23:34,archive,show,8,,Pengembangan LKPD Matematika Berbasis PBL Untuk Peningkatan Kemampuan Pemecahan Masalah di Sekolah Dasar,,35265,Elementary Teacher Educatin Departement University of Pahlawan Tuanku Tambusai,,,,
7,2022-06-13 01:17:43,110-113,559,2022-06-13 01:17:43,FALSE,public,http://repository.lppm.unila.ac.id/id/eprint/42373,"[{'placement': 1, 'security': 'public', 'eprintid': 42373, 'mime_type': 'application/pdf', 'language': 'en', 'files': [{'filesize': 798722, 'datasetid': 'document', 'hash_type': 'MD5', 'mtime': '2022-06-12 23:15:42', 'filename': 'JURNAL PUBLIS ISNAWATI(2023054007).pdf', 'hash': 'a6e30ff053b636ee7c1d972479303944', 'fileid': 466019, 'mime_type': 'application/pdf', 'uri': 'http://repository.lppm.unila.ac.id/id/file/466019', 'objectid': 164084}], 'main': 'JURNAL PUBLIS ISNAWATI(2023054007).pdf', 'docid': 164084, 'rev_number': 1, 'uri': 'http://repository.lppm.unila.ac.id/id/document/164084', 'pos': 1, 'format': 'text'}]",pub,3.0,['FKIP3'],article,disk0/00/04/23/73,"[{'id': 'isna8143@gmail.com', 'name': {'given': 'Isnawati', 'honourific': None, 'family': 'Isnawati', 'lineage': None}}, {'name': {'family': 'Dwi', 'honourific': None, 'lineage': None, 'given': 'Yulianti'}, 'id': 'safira_sodiq@yahoo.co.id'}, {'name': {'given': 'Samhati', 'lineage': None, 'honourific': None, 'family': 'Siti'}, 'id': 'samhati.siti@gmail.com'}]",2797-636X,International Journal of Educational Studies in Social Sciences (IJESSS),"The concern in this study is children's inability to solve primary school math problems, with a goal to establish how students' capacity to solve mathematical problems in primary school and to describe the best method or learning model for delivering materials for the circumference and area of parallelograms and triangles using a problem-based learning model with portfolio assessment. This studi is qualitative in nature, employing a total of 30 elementary school chosen through a random sampling technique. The results showed that the problem based learning model based on the portfolio assessment was suitable for use in elementary school mathematics learning compared to conventional learning approaches because students were more active in participating in learning and the teacher was only a facilitator.",['L1'],2022-06-13 01:17:43,archive,show,9,1.0,Portfolio assessment as a problem based learning model to help elementary school students deal with Mathematics,,42373,Lighthouse,published,,,
8,2022-11-21 01:08:54,110-113,559,2022-11-21 01:08:54,TRUE,public,http://repository.lppm.unila.ac.id/id/eprint/46758,"[{'rev_number': 1, 'uri': 'http://repository.lppm.unila.ac.id/id/document/185675', 'pos': 1, 'format': 'text', 'files': [{'datasetid': 'document', 'filesize': 798722, 'mime_type': 'application/pdf', 'fileid': 514877, 'hash': 'a6e30ff053b636ee7c1d972479303944', 'filename': 'JURNAL PUBLIS ISNAWATI(2023054007).pdf', 'hash_type': 'MD5', 'mtime': '2022-11-20 01:14:37', 'objectid': 185675, 'uri': 'http://repository.lppm.unila.ac.id/id/file/514877'}], 'main': 'JURNAL PUBLIS ISNAWATI(2023054007).pdf', 'docid': 185675, 'mime_type': 'application/pdf', 'language': 'en', 'placement': 1, 'security': 'public', 'eprintid': 46758}]",pub,3.0,['FKIP3'],article,disk0/00/04/67/58,"[{'id': 'isna8143@gmail.com', 'name': {'family': 'Isnawati', 'honourific': None, 'lineage': None, 'given': 'Isnawati'}}, {'name': {'family': 'Dwi Yulianti', 'honourific': None, 'lineage': None, 'given': 'Dwi'}, 'id': None}, {'id': 'siti_samhati@yahoo.com', 'name': {'given': 'Siti Samhati', 'lineage': None, 'family': 'Siti Samhati', 'honourific': None}}]",,INTERNATIONAL JOURNAL OF EDUCATIONAL STUDIES IN SOCIAL SCIENCES,"The concern in this study is children's inability to solve primary school math problems, with a goal 
to establish how students' capacity to solve mathematical problems in primary school and to 
describe the best method or learning model for delivering materials for the circumference and area 
of parallelograms and triangles using a problem-based learning model with portfolio assessment. 
This studi is qualitative in nature, employing a total of 30 elementary school chosen through a 
random sampling technique. The results showed that the problem based learning model based on 
the portfolio assessment was suitable for use in elementary school mathematics learning compared 
to conventional learning approaches because students were more active in participating in learning 
and the teacher was only a facilitator.
Problem-based learning, 
portfolio assessment, problem 
solving skill",['L1'],2022-11-21 01:08:54,archive,show,6,1.0,"Portfolio assessment as a problem based learning model to help elementary school 
students’ deal with Mathematics",DOI: 10.53402/ijesss.v1i3.25,46758,Lighthouse,,,,
9,2022-11-21 01:08:50,375-381,559,2022-11-21 01:08:50,TRUE,public,http://repository.lppm.unila.ac.id/id/eprint/46756,"[{'docid': 185673, 'main': 'Article TJOSS LINDA.pdf', 'files': [{'filesize': 276429, 'datasetid': 'document', 'filename': 'Article TJOSS LINDA.pdf', 'hash': '0be264ced31832befbd08af421971c74', 'mtime': '2022-11-20 00:52:28', 'hash_type': 'MD5', 'mime_type': 'application/pdf', 'fileid': 514864, 'uri': 'http://repository.lppm.unila.ac.id/id/file/514864', 'objectid': 185673}], 'pos': 1, 'format': 'text', 'rev_number': 1, 'uri': 'http://repository.lppm.unila.ac.id/id/document/185673', 'eprintid': 46756, 'placement': 1, 'security': 'public', 'language': 'en', 'mime_type': 'application/pdf'}]",pub,1.0,['FKIP3'],article,disk0/00/04/67/56,"[{'name': {'given': 'LRM', 'lineage': None, 'honourific': None, 'family': 'Linda Ritna Nirmala'}}, {'name': {'given': 'DM', 'honourific': None, 'family': 'Dina Maulina', 'lineage': None}}, {'name': {'given': 'R', 'lineage': None, 'honourific': None, 'family': 'Riswandi'}}, {'name': {'given': 'DY', 'family': 'Dwi Yulianti', 'honourific': None, 'lineage': None}}]",2690-5167,The International Journal of Social Sciences World,"The current study aims to produce teaching materials based on the 
preview, question, read, reflect, recite, review (PQ4R) that are feasible 
and effective in improving students' high-order thinking skills. This 
research is a Research and Development (R&D) type of research. The 
development is carried out referring to the theory of Borg & Gall. This 
research population is the fourth-grade elementary school students in
Lampung- Indonesia. Subjects in this study were determined using a 
purposive sampling technique obtained by as many as 44 students. The 
data collection tool uses a valid and reliable test instrument. The data 
analysis technique used NGain. The results showed that the teaching 
materials developed were feasible and effective in improving students'
high-order thinking skills.
Teaching Materials;
Preview, Question, Read, 
Reflect, Recite, Review
(PQ4R);
High Order Thinking Skills;",['H1'],2022-11-21 01:08:50,archive,show,6,4.0,"The Development of Teaching Materials Based on the PQ4R
Strategy to Improve High Order Thinking Skill of Student",https://www.growingscholar.org/journal/index.php/TIJOSSW,46756,Growing Scholar Publishing,,,,
10,2019-05-14 08:00:29,,889,2019-05-14 08:00:29,TRUE,restricted,http://repository.lppm.unila.ac.id/id/eprint/12560,"[{'format': 'other', 'pos': 1, 'formatdesc': 'American Scientific Research Journal for Engineering, Technology, and Sciences (ASRJETS)', 'uri': 'http://repository.lppm.unila.ac.id/id/document/25537', 'rev_number': 3, 'main': 4220, 'docid': 25537, 'files': [{'uri': 'http://repository.lppm.unila.ac.id/id/file/111414', 'objectid': 25537, 'filesize': 35784, 'datasetid': 'document', 'filename': 4220, 'hash': '2d6609596037c5ddfe0a4ed5dade4ffd', 'hash_type': 'MD5', 'mtime': '2019-05-10 06:28:40', 'mime_type': 'text/html', 'fileid': 111414}], 'language': 'en', 'mime_type': 'text/html', 'content': 'published', 'eprintid': 12560, 'security': 'validuser', 'placement': 1}]",pub,1.0,['FKIP3'],article,disk0/00/01/25/60,"[{'id': 'Listianawati@gmail.com', 'name': {'given': 'Listianawati', 'lineage': None, 'honourific': None, 'family': 'Listianawati'}}, {'name': {'lineage': None, 'family': 'Rusminto', 'honourific': None, 'given': 'N E'}, 'id': '.'}, {'id': 'darsono.1954@fkip.unila.ac.id', 'name': {'honourific': None, 'family': 'Darsono', 'lineage': None, 'given': 'Darsono'}}, {'id': 'alben_ambarita57@yahoo.com', 'name': {'given': 'Alben', 'family': 'Alben Ambarita', 'honourific': None, 'lineage': None}}]",2313-4410,"American Scientific Research Journal fro Engineering, Technology, and Sciences (ASRJETS)","This research aims to develop a thematic textbook product based on nation culture and character with the subtheme of ‘beautiful cultural diversity of my country’, and to know the effectivity level of the thematic textbook. The development of this thematic textbook was using Borg & Gall's research and development model, which involve two schools, i.e. Public Elementary School 1 and 2 of Langkapura, Bandar Lampung City. Data were collected by observations, tests and questionnaires. Data analysis techniques used were qualitative and quantitative techniques. The result of this research is the thematic textbook product based on nation culture and character with the validity level categorized as ‘very good’ and the thematic textbook based on nation culture and character was effective to improve learning outcomes.",['L1'],2019-05-14 08:00:29,archive,show,8,44.0,Development of Thematic Textbook Based on Nation Culture and Character for 4th Grader Student,http://asrjetsjournal.org/index.php/American_Scientific_Journal/article/view/4220,12560,,,,,
11,2023-01-16 02:49:12,2690-5167,559,2023-01-16 02:49:12,TRUE,public,http://repository.lppm.unila.ac.id/id/eprint/47838,"[{'mime_type': 'application/pdf', 'language': 'en', 'eprintid': 47838, 'security': 'public', 'placement': 1, 'format': 'text', 'pos': 1, 'rev_number': 1, 'uri': 'http://repository.lppm.unila.ac.id/id/document/186938', 'docid': 186938, 'main': '265-Article Text-546-2-10-20221031.pdf', 'files': [{'fileid': 523586, 'mime_type': 'application/pdf', 'hash_type': 'MD5', 'mtime': '2023-01-16 02:42:44', 'filename': '265-Article Text-546-2-10-20221031.pdf', 'hash': '25dcf06588b3f88480e70c5e8f35ace9', 'datasetid': 'document', 'filesize': 263275, 'objectid': 186938, 'uri': 'http://repository.lppm.unila.ac.id/id/file/523586'}]}]",pub,2.0,['FKIP3'],article,disk0_bak/00/04/78/38,"[{'name': {'lineage': None, 'honourific': None, 'family': 'Meta Yuliyana', 'given': 'MY'}, 'id': None}, {'id': 'SafiraShodiq@yahoo.com', 'name': {'given': 'DY', 'lineage': None, 'honourific': None, 'family': 'Dwi Yulianti'}}, {'id': None, 'name': {'given': 'DM', 'lineage': None, 'honourific': None, 'family': 'Dina Maulina'}}, {'id': None, 'name': {'given': 'P', 'honourific': None, 'family': 'Pargito', 'lineage': None}}]",2690-5167,The International Journal of Social Sciences World,"This research problem begins with the results of the needs analysis of
the learning carried out by students in Indonesian schools. It aims to
produce a student worksheet (SW) product based on project-based
learning that is feasible and effective in improving students' critical
thinking skills. According to Borg and Gall, it is a kind of Research and
Development (R&D) that refers to the development of theory. The
steps of this research are research and information collecting,
planning, developing a preliminary product, preliminary field testing,
main product revision, main field testing, dan operational product
revision. The population in this study was fourth-grade elementary
school students. Subjects in this study amounted to 20 students. The
data analysis technique used N-Gain and obtained an average result of
0.75 in the medium category. In addition, the calculation of the t-test
pooled variance in the experimental and control classes using the help
of SPSS 25. Based on the calculation results obtained, Sig (2-tiled)
data of 0.000 <0.05. The results of this study stated that the Student
Worksheet developed was feasible and effective in improving
students' critical thinking skills.","['AC', 'L1']",2023-01-16 02:49:12,archive,show,9,4.0,"The Development of Worksheet Based on Project-Based
Learning to Increase Critical Thinking Skills
Of Alternative Energy Themes",https://www.growingscholar.org/journal/index.php/TIJOSSW,47838,Growing Scholar Publishing,published,[{'url': 'https://doi.org/10.5281/zenodo.7267288'}],,
12,2022-11-25 01:18:28,77-92,559,2022-11-25 01:18:28,TRUE,public,http://repository.lppm.unila.ac.id/id/eprint/46829,"[{'eprintid': 46829, 'security': 'public', 'placement': 1, 'mime_type': 'application/pdf', 'language': 'en', 'main': 'document (14).pdf', 'docid': 185764, 'files': [{'uri': 'http://repository.lppm.unila.ac.id/id/file/515444', 'objectid': 185764, 'filename': 'document (14).pdf', 'hash': '8466af5d9e5787bfc9ce24b7967a14fb', 'hash_type': 'MD5', 'mtime': '2022-11-24 08:12:52', 'mime_type': 'application/pdf', 'fileid': 515444, 'filesize': 250399, 'datasetid': 'document'}], 'format': 'text', 'pos': 1, 'uri': 'http://repository.lppm.unila.ac.id/id/document/185764', 'rev_number': 1}]",pub,1.0,['FKIP3'],article,disk0/00/04/68/29,"[{'id': 'muhammadisroks@gmail.com', 'name': {'given': 'MIS', 'lineage': None, 'honourific': None, 'family': ""Muhammad Isro'i Subariyanto""}}, {'name': {'given': 'Alben', 'honourific': None, 'family': 'Alben Ambarita', 'lineage': None}, 'id': 'alben_ambarita57@yahoo.com'}, {'id': 'SafiraShodiq@yahoo.com', 'name': {'lineage': None, 'family': 'Dwi Yulianti', 'honourific': None, 'given': 'DY'}}]",2477-1384,Jurnal Ilmiah Pendidikan Dasar,"Penelitian dan pengembangan E-LKPD berbasis discovery learning ini 
dilatarbelakangi oleh rendahnya kemampuan berpikir kritis peserta didik kelas V 
SD di Gugus Kartini III Kecamatan Bumi Agung Kabupaten Way Kanan. Tujuan 
penelitian ini adalah untuk mendeskripsikan dan mengembangkan efektivitas 
E-LKPD berbasis discovery learning untuk meningkatkan kemampuan berpikir 
kritis peserta didik. Jenis penelitian yang digunakan adalah penelitian dan 
pengembangan merujuk pada teori model ADDIE. Teknik pengumpulan data 
dilakukan dengan lembar angket dan soal tes yang telah diuji validitas, 
reliabilitas, tingkat kesukaran, dan daya beda. Hasil uji kemenarikan, kemudahan, 
dan kebermanfaatan berturut-turut memperoleh skor 4,05 (kategori menarik), 4,02 
(kategori mudah), dan 4,20 (kategori bermanfaat). Hasil penelitian menunjukkan 
bahwa E-LKPD berbasis discovery learning efektif mengoptimalkan kemampuan 
berpikir kritis peserta didik kelas V SD dengan perolehan nilai N-gain sebesar 0,12 
(kategori cukup baik).
Kata kunci: E-LKPD, discovery learning, dan berpikir kritis",['L1'],2022-11-25 01:18:28,archive,show,6,8.0,"Pengembangan E-LKPD Berbasis Discovery Learning Untuk Mengoptimalkan 
Kemampuan Berpikir Kritis Peserta didik SD",https://e-journal.metrouniv.ac.id/ondex.php/elementary,46829,,,,,
13,2022-11-25 01:18:32,17-27,559,2022-11-25 01:18:32,TRUE,public,http://repository.lppm.unila.ac.id/id/eprint/46831,"[{'files': [{'mime_type': 'application/pdf', 'fileid': 515456, 'hash': 'd54aa95ddd8d6e6abcc2c134acef180b', 'filename': 'D1201011727.pdf', 'hash_type': 'MD5', 'mtime': '2022-11-24 08:27:32', 'datasetid': 'document', 'filesize': 292315, 'objectid': 185766, 'uri': 'http://repository.lppm.unila.ac.id/id/file/515456'}], 'main': 'D1201011727.pdf', 'docid': 185766, 'rev_number': 1, 'uri': 'http://repository.lppm.unila.ac.id/id/document/185766', 'format': 'text', 'pos': 1, 'security': 'public', 'placement': 1, 'eprintid': 46831, 'mime_type': 'application/pdf', 'language': 'en'}]",pub,1.0,['FKIP3'],article,disk0/00/04/68/31,"[{'name': {'given': 'N', 'honourific': None, 'family': 'Nafilah', 'lineage': None}, 'id': None}, {'id': 'SafiraShodiq@yahoo.com', 'name': {'family': 'Dwi Yulianti', 'honourific': None, 'lineage': None, 'given': 'DY'}}, {'id': 'riswandi.1976@fkip.unila.ac.id', 'name': {'family': 'Riswandi', 'honourific': None, 'lineage': None, 'given': 'Riswandi'}}]",2320-7388,IOSR journal of research & Method in education (IOSR-JRME),"The purpose of this research was to produce learning products in the form of thematic student worksheets 
(LKPD) based on cooperative learning to improve collaboration skills up to the expert test stage by adjusting 
the conditions during the Covid-19 pandemic. This research was a development research (R&D) following the 
Borg and Gall model. The research activity was carried out in six stages, namely 1) needs analysis consisting of 
initial observations and curriculum analysis; 2) model development consisting of the development of blue prints, 
flowcharts, story boards, lesson plans, and supporting media; 3) expert test consisting of material, linguist, and 
design expert; 4) product revision; 5) limited tests and report preparation; 6) main test. The results showed that
1) the thematic LKPD based on cooperative learning has been produced to improve students’ collaboration 
skills that have been validated by experts, 2) the developed LKPD has proven to be effective in improving 
students’ collaboration skills at junior high school (SDN) 1 Teluk Betung, Bandar Lampung.
Keywords: Thematic student worksheets (LKPD), cooperative learning, collaboration skills",['L1'],2022-11-25 01:18:32,archive,show,7,12.0,"The Development of the Thematic Student Worksheets 
(LKPD) Based On Cooperative Learning to Improve 
Collaborative Skills of Students",https://www.iosrjournals.org/iosr-jrme/papers/Vol-12%20Issue-1/Ser-1/D1201011727.pdf,46831,,,,,
14,2021-11-10 01:42:54,,709,2021-11-10 01:42:54,TRUE,public,http://repository.lppm.unila.ac.id/id/eprint/35690,"[{'rev_number': 3, 'uri': 'http://repository.lppm.unila.ac.id/id/document/156621', 'pos': 1, 'format': 'text', 'files': [{'filesize': 619295, 'datasetid': 'document', 'hash_type': 'MD5', 'mtime': '2021-11-09 16:13:21', 'hash': '7f460fbc7b8b5a493aa5b36f89e4b9c0', 'filename': '57056-60929-1-PB.pdf', 'fileid': 415220, 'mime_type': 'application/pdf', 'uri': 'http://repository.lppm.unila.ac.id/id/file/415220', 'objectid': 156621}], 'docid': 156621, 'main': '57056-60929-1-PB.pdf', 'content': 'published', 'mime_type': 'application/pdf', 'language': 'en', 'placement': 1, 'security': 'public', 'eprintid': 35690}]",pub,,['FKIP3'],article,disk0/00/03/56/90,"[{'id': None, 'name': {'given': 'Fajar Rahayu', 'honourific': None, 'family': 'Ningwiasih', 'lineage': None}}, {'id': 'wayandistrik8@gmail.com', 'name': {'lineage': None, 'honourific': None, 'family': 'Distrik', 'given': 'I Wayan'}}, {'name': {'honourific': None, 'family': 'Rusminto', 'lineage': None, 'given': 'N E'}, 'id': 'nurlaksana.eko@fkip.unila.ac.id'}]",2222-288X,Journal of Education and Practice,"The problem of the research and development was the low ability of critical thinking students and the worksheet used during learning does not support the ability of critical thinkinh of 5th hrade Elementary School in north Raman. This reasearch and development to develop worksheet based on PBL that is feasible and efective in improving students critical thingking skill. The reaseacrh method used the desugn of Borg & Gall. The populationn of this reasearch is the students of 5th grade Elementary School in north Raman. The reasearch sampel was determined by purposive sampling technique wa 20 students’ in 5th grade class A of Elementary School Raman Endra. The woksheet was validated by media expert, material expert, language expert, and practitioner. Data Cpllector uses as valid and reliable pbjective test instrument. The data analyzed by using NGain. The result showed that the worksheet was feasible to use and effectively improved student critical thinking skill.

Keywords: Worksheet, PBL, critical thinking skill",['L1'],2021-11-10 01:42:54,archive,show,7,,"Development of Student Worksheet Based on Problem Based Learning to Improve Students’ Critical Thinking Ability in 5
th Grade Elementary School",,35690,http://www.iiste.org,,,,
15,2022-11-21 01:08:48,335-345,559,2022-11-21 01:08:48,TRUE,public,http://repository.lppm.unila.ac.id/id/eprint/46755,"[{'rev_number': 1, 'uri': 'http://repository.lppm.unila.ac.id/id/document/185672', 'pos': 1, 'format': 'text', 'files': [{'fileid': 514857, 'mime_type': 'application/pdf', 'hash_type': 'MD5', 'mtime': '2022-11-19 15:47:41', 'filename': '12802-Article Text-45439-1-10-20220103 (5).pdf', 'hash': 'bb7b2c428686cd2aaa139908e18e1933', 'datasetid': 'document', 'filesize': 215891, 'objectid': 185672, 'uri': 'http://repository.lppm.unila.ac.id/id/file/514857'}], 'main': '12802-Article Text-45439-1-10-20220103 (5).pdf', 'docid': 185672, 'mime_type': 'application/pdf', 'language': 'en', 'placement': 1, 'security': 'public', 'eprintid': 46755}]",pub,1.0,['FKIP3'],article,disk0/00/04/67/55,"[{'id': 'risma.margaretha@fkip.unila.ac.id', 'name': {'family': 'Risma Margaretha Sinaga', 'honourific': None, 'lineage': None, 'given': 'RMS'}}, {'id': None, 'name': {'family': 'Albet Maydiantoro', 'honourific': None, 'lineage': None, 'given': 'AM'}}, {'id': 'haymoresonojah@yahoo.com', 'name': {'given': 'OAO', 'lineage': None, 'honourific': None, 'family': 'Onojah Amos Ochayi'}}, {'name': {'given': 'DY', 'honourific': None, 'family': 'Dwi Yulianti', 'lineage': None}, 'id': 'SafiraShodiq@yahoo.com'}, {'name': {'family': 'Suparman Arif', 'honourific': None, 'lineage': None, 'given': 'SA'}, 'id': None}, {'id': 'muhammad.basri@fkip.unila.ac.id', 'name': {'lineage': None, 'honourific': None, 'family': 'Muhammad Basri', 'given': 'MB'}}, {'name': {'family': 'John Rainer T. Bolado', 'honourific': None, 'lineage': None, 'given': 'JRTB'}, 'id': None}, {'id': 'suroto.1993@fkip.unila.ac.id', 'name': {'family': 'Suroto', 'honourific': None, 'lineage': None, 'given': 'S'}}]",,Journal of Educational and Social Research,"Education serves the purpose of cultivating the capacity to shape character and civilisation in a dignified 
manner to advance the nation's intellectual life. Social studies education is an affective domain subject 
because it teaches students to see knowledge in social interactions and to apply it directly in the community 
environment. This study compares students' social skills acquired through moral reasoning-based 
cooperative learning to those acquired through simulation-based cooperative learning in order to determine 
the effectiveness of simulation-based and moral reasoning-based cooperative learning in improving students' 
social skills, as well as the interaction between the two. This research employed a quasi-experimental design 
with a comparative approach. The study was conducted in classes VIII A and VIII B, with 27 students and 26 
students, respectively, at SMP N 27 Pesawaran, Lampung Province, Indonesia. The findings of this study 
indicate a significant difference in social skills between students taught using the Moral Reasoning 
cooperative learning model and students taught using the Simulation cooperative learning model in social 
studies subjects. Learning that employs the Moral Reasoning learning model is more effective than learning 
that employs the Simulation one. 
Keywords: moral reasoning model, simulation model, social skills, social studies",['H1'],2022-11-21 01:08:48,archive,show,7,12.0,"Reasoning Model and Moral Simulation to Improve Students
Social Skills: A Focused Look at Emotional Intelligence",https://www.richtmann.org/journal/index.php/jesr/article/view/12802,46755,,,,,
16,2022-11-21 01:08:52,146-149,559,2022-11-21 01:08:52,TRUE,public,http://repository.lppm.unila.ac.id/id/eprint/46757,"[{'language': 'en', 'mime_type': 'application/pdf', 'security': 'public', 'placement': 1, 'eprintid': 46757, 'rev_number': 1, 'uri': 'http://repository.lppm.unila.ac.id/id/document/185674', 'format': 'text', 'pos': 1, 'files': [{'objectid': 185674, 'uri': 'http://repository.lppm.unila.ac.id/id/file/514870', 'fileid': 514870, 'mime_type': 'application/pdf', 'hash_type': 'MD5', 'mtime': '2022-11-20 01:01:06', 'hash': '02be6637a9117a220fd59803593843e4', 'filename': 'jurnal PBLku, ijes.pdf', 'datasetid': 'document', 'filesize': 219769}], 'main': 'jurnal PBLku, ijes.pdf', 'docid': 185674}]",pub,3.0,['FKIP3'],article,disk0/00/04/67/57,"[{'name': {'given': 'S', 'honourific': None, 'family': ""Sa'adah"", 'lineage': None}}, {'name': {'lineage': None, 'honourific': None, 'family': 'Dwi Yulianti', 'given': 'DY'}}, {'name': {'honourific': None, 'family': 'Dina Maulina', 'lineage': None, 'given': 'DM'}}]",,INTERNATIONAL JOURNAL OF EDUCATIONAL STUDIES IN SOCIAL SCIENCES,"This study sought to assess the critical thinking-based problem-based learning model. A total of 22 
students and one teacher from the fifth grade of SD Negeri 2 Way Huwi in the Jati Agung District of 
South Lampung, Indonesia, participated in the study. A descriptive qualitative technique was used in 
this study, and the research instruments included a needs analysis questionnaire, observation, 
documentation, and structured interviews. Our preliminary study’s findings indicate that students 
required a problem-based learning model based on critical thinking ability. 
Learning model; PBL; critical 
thinking; elementary school; 
preliminary study",['L1'],2022-11-21 01:08:52,archive,show,7,2.0,"Problem-based learning model based on student’s ability to apply their critical thinking: 
A preliminary study",https://doi.org/10.53402/ijesss.v2i3.81,46757,Lighthouse,,,,
17,2019-05-08 07:30:11,,956,2019-05-08 07:30:11,TRUE,public,http://repository.lppm.unila.ac.id/id/eprint/11866,"[{'files': [{'uri': 'http://repository.lppm.unila.ac.id/id/file/106678', 'objectid': 24859, 'filesize': 193238, 'datasetid': 'document', 'filename': '44681-48108-1-PB.pdf', 'hash': 'ef65e7fb4f25e247632e6deebc3eba4d', 'mtime': '2019-05-07 03:21:48', 'hash_type': 'MD5', 'mime_type': 'application/pdf', 'fileid': 106678}], 'main': '44681-48108-1-PB.pdf', 'docid': 24859, 'uri': 'http://repository.lppm.unila.ac.id/id/document/24859', 'rev_number': 1, 'format': 'text', 'pos': 1, 'security': 'public', 'placement': 1, 'eprintid': 11866, 'language': 'en', 'mime_type': 'application/pdf'}]",pub,,['FKIP3'],article,disk0/00/01/18/66,"[{'id': None, 'name': {'lineage': None, 'honourific': None, 'family': 'Surbakti', 'given': 'Arwin'}}, {'name': {'lineage': None, 'honourific': None, 'family': 'Alben Ambarita', 'given': 'Alben'}, 'id': None}, {'id': 'darsono.1954@fkip.unila.ac.id', 'name': {'honourific': None, 'family': 'Darsono', 'lineage': None, 'given': 'Darsono'}}]",2222-1735 (paper); 2222-288X (online),Development of Students Worksheets Based on Discovery Learning in Thematic Learning for 4th Grader Elementary School,"This study aims to develop teaching materials in the form of students worksheet based on discovery learning in thematic learning of fourth grader elementary school. The type of research used is research and development (R & D) that refers to the theory of Borg & Gall. The population of this study is all fourth grade elementary school students  in  Langkapura  sub-district.  Sample  were  taken  by  using  random  sampling  technique  as  many  as  56 students  of  SD  Negeri  2  Langkapura.  Data  were  collected  through  questionnaires  and  test  questions. Questionnaire  is  used  to  measure  the  feasibility  of  students  worksheets  and  test  questions  to  measure the improvement  of  student  learning  outcomes.  The  results  showed  that  students  worksheet  based  on  discovery learning were developed feasible and effective for learning. This is proved from the results of the acquisition of questionnaires by experts and teachers who stated that the development products are feasible based on didactic, construction and technical requirements. As well as the results of the calculation of effectiveness tests that obtain an average gain value of 0.365 which proves that students worksheet based on discovery learning are effective in improving student learning outcomes.",['L1'],2019-05-08 07:30:11,archive,show,7,,Development of Students Worksheets Based on Discovery Learning in Thematic Learning for 4th Grader Elementary School,,11866,Journal of Education and Practice,,,,
18,2022-11-21 01:08:56,150-155,559,2022-11-21 01:08:56,TRUE,public,http://repository.lppm.unila.ac.id/id/eprint/46759,"[{'security': 'public', 'placement': 1, 'eprintid': 46759, 'mime_type': 'application/pdf', 'language': 'en', 'files': [{'mtime': '2022-11-20 01:23:26', 'hash_type': 'MD5', 'filename': 'Publish jurnal yulia (ISC).pdf', 'hash': '8b5eee18906de38130c3972c07c8b41d', 'fileid': 514883, 'mime_type': 'application/pdf', 'filesize': 279084, 'datasetid': 'document', 'uri': 'http://repository.lppm.unila.ac.id/id/file/514883', 'objectid': 185676}], 'docid': 185676, 'main': 'Publish jurnal yulia (ISC).pdf', 'rev_number': 1, 'uri': 'http://repository.lppm.unila.ac.id/id/document/185676', 'format': 'text', 'pos': 1}]",pub,3.0,['FKIP3'],article,disk0/00/04/67/59,"[{'name': {'honourific': None, 'family': 'Yulia Karlina', 'lineage': None, 'given': 'YK'}}, {'name': {'lineage': None, 'honourific': None, 'family': 'Dwi Yulianti', 'given': 'DY'}}, {'name': {'family': 'Ryzal Perdana', 'honourific': None, 'lineage': None, 'given': 'RP'}}]",,INTERNATIONAL JOURNAL OF EDUCATIONAL STUDIES IN SOCIAL SCIENCES,"This study analysed the thematic learning module using the social complexity inquiry basis. The 
population in this study were all educators and students in class V of SD members of the KKG Cluster 
II, Labuhan Ratu District, which consisted of 5 public elementary schools and 2 SDITs. All population 
schools in this study have used the revised 2013 Curriculum. The sample of this study was the fifth�grade students at SDN 1 Sepang Jaya, Labuhan Ratu District, totalling two classes, namely the 
experimental class and the control class. The approach used in this study was a qualitative 
descriptive approach, using research instruments, namely questionnaires, needs analysis, 
observation, documentation and structured interviews. Responding to the results of preliminary 
research, students need to develop thematic learning modules using the social complexity inquiry 
basis, which aims to encourage students to be more active in the learning process, not only at school 
but also to help students learn independently to find a concept in learning.
Keywords: Module, Inquiry Social 
Complexity, Learning Outcomes",['L1'],2022-11-21 01:08:56,archive,show,6,2.0,"Inquiry social complexity-based module analysis for increasing learning outcomes of 
grade V elementary school students",https://doi.org/10.53402/ijesss.v2i3.100,46759,Lighthouse,,,,
19,2023-01-16 03:06:35,150-155,559,2023-01-16 03:06:35,TRUE,public,http://repository.lppm.unila.ac.id/id/eprint/47839,"[{'files': [{'objectid': 186939, 'uri': 'http://repository.lppm.unila.ac.id/id/file/523596', 'mime_type': 'application/pdf', 'fileid': 523596, 'hash': '8b5eee18906de38130c3972c07c8b41d', 'filename': 'Publish jurnal yulia (ISC).pdf', 'mtime': '2023-01-16 02:51:20', 'hash_type': 'MD5', 'datasetid': 'document', 'filesize': 279084}], 'docid': 186939, 'main': 'Publish jurnal yulia (ISC).pdf', 'rev_number': 1, 'uri': 'http://repository.lppm.unila.ac.id/id/document/186939', 'pos': 1, 'format': 'text', 'placement': 1, 'security': 'public', 'eprintid': 47839, 'mime_type': 'application/pdf', 'language': 'en'}]",pub,3.0,['FKIP3'],article,disk0_bak/00/04/78/39,"[{'name': {'honourific': None, 'family': 'Yulia Karlina', 'lineage': None, 'given': 'YK'}, 'id': None}, {'name': {'family': 'Dwi Yulianti', 'honourific': None, 'lineage': None, 'given': 'Dwi'}, 'id': 'safira_shodiq@yahoo.com'}, {'name': {'honourific': None, 'family': 'Ryzal Perdana', 'lineage': None, 'given': 'RP'}, 'id': None}]",,INTERNATIONAL JOURNAL OF EDUCATIONAL STUDIES IN SOCIAL SCIENCES,"This study analysed the thematic learning module using the social complexity inquiry basis. The 
population in this study were all educators and students in class V of SD members of the KKG Cluster 
II, Labuhan Ratu District, which consisted of 5 public elementary schools and 2 SDITs. All population 
schools in this study have used the revised 2013 Curriculum. The sample of this study was the fifth�grade students at SDN 1 Sepang Jaya, Labuhan Ratu District, totalling two classes, namely the 
experimental class and the control class. The approach used in this study was a qualitative 
descriptive approach, using research instruments, namely questionnaires, needs analysis, 
observation, documentation and structured interviews. Responding to the results of preliminary 
research, students need to develop thematic learning modules using the social complexity inquiry 
basis, which aims to encourage students to be more active in the learning process, not only at school 
but also to help students learn independently to find a concept in learning.","['AC', 'L1']",2023-01-16 03:06:35,archive,show,7,2.0,"Inquiry social complexity-based module analysis for increasing learning outcomes of 
grade V elementary school students",https://doi.org/10.53402/ijesss.v2i3.100,47839,,published,[{'url': 'https://doi.org/10.53402/ijesss.v2i3.100'}],,
20,2021-10-25 13:14:11,,664,2021-10-25 13:14:11,,public,http://repository.lppm.unila.ac.id/id/eprint/34634,"[{'eprintid': 34634, 'placement': 1, 'security': 'public', 'mime_type': 'application/pdf', 'language': 'en', 'main': 'Sertifikat HAKI Instrumen Tes Uraian Pada Pembelajaran Tematik + Lampiran.pdf', 'docid': 155210, 'files': [{'objectid': 155210, 'uri': 'http://repository.lppm.unila.ac.id/id/file/406913', 'fileid': 406913, 'mime_type': 'application/pdf', 'hash_type': 'MD5', 'mtime': '2021-10-25 09:42:12', 'filename': 'Sertifikat HAKI Instrumen Tes Uraian Pada Pembelajaran Tematik + Lampiran.pdf', 'hash': '5f6d4433065e3658791047d9bf21b301', 'datasetid': 'document', 'filesize': 2209277}], 'pos': 1, 'format': 'text', 'uri': 'http://repository.lppm.unila.ac.id/id/document/155210', 'rev_number': 1}]",pub,,['FKIP3'],other,disk0/00/03/46/34,"[{'name': {'family': 'rochmiyati', 'honourific': None, 'lineage': None, 'given': 'rochmiyati'}, 'id': 'rochmiyatiazwardi@yahoo.co.id'}]",,,,['L1'],2021-10-25 13:14:11,archive,show,7,,INSTRUMEN TES URAIAN PADA PEMBELAJARAN TEMATIK,,34634,DJKI Kemenkumham RI,,,rochmiyatiazwardi@yahoo.co.id,
21,2021-08-23 07:35:52,,664,2021-08-23 07:35:52,,public,http://repository.lppm.unila.ac.id/id/eprint/33536,"[{'language': 'en', 'mime_type': 'application/pdf', 'eprintid': 33536, 'security': 'public', 'placement': 1, 'format': 'text', 'pos': 1, 'uri': 'http://repository.lppm.unila.ac.id/id/document/153643', 'rev_number': 1, 'docid': 153643, 'main': 'sertifikat_EC00202139525 PENGANTAR EVALUASI DAN PENILAIAN.pdf', 'files': [{'uri': 'http://repository.lppm.unila.ac.id/id/file/397727', 'objectid': 153643, 'filesize': 2179053, 'datasetid': 'document', 'mtime': '2021-08-23 07:30:11', 'hash_type': 'MD5', 'hash': '081f39df25bb2ac5d14d179f2d0d4a13', 'filename': 'sertifikat_EC00202139525 PENGANTAR EVALUASI DAN PENILAIAN.pdf', 'fileid': 397727, 'mime_type': 'application/pdf'}]}]",pub,,['FKIP3'],other,disk0/00/03/35/36,"[{'id': 'rochmiyatiazwardi@yahoo.co.id', 'name': {'given': 'rochmiyati', 'family': 'rochmiyati', 'honourific': None, 'lineage': None}}]",,,,['L1'],2021-08-23 07:35:52,archive,show,7,,PENGANTAR EVALUASI DAN PENILAIAN,,33536,DJKI Kemenkumham RI,,,rochmiyatiazwardi@yahoo.co.id,
22,2021-10-25 13:14:15,,664,2021-10-25 13:14:15,,public,http://repository.lppm.unila.ac.id/id/eprint/34635,"[{'files': [{'objectid': 155211, 'uri': 'http://repository.lppm.unila.ac.id/id/file/406920', 'datasetid': 'document', 'filesize': 9308848, 'fileid': 406920, 'mime_type': 'application/pdf', 'mtime': '2021-10-25 09:44:49', 'hash_type': 'MD5', 'filename': 'Sertifikat HAKI Pengembangan Model Bahan Ajar Berbasis Kurikulum 2013 Untuk Pembelajaran Tematik Terpadu di SD + Lampiran.pdf', 'hash': '2a9ca3b235d90f77221ba745d1310c85'}], 'docid': 155211, 'main': 'Sertifikat HAKI Pengembangan Model Bahan Ajar Berbasis Kurikulum 2013 Untuk Pembelajaran Tematik Terpadu di SD + Lampiran.pdf', 'rev_number': 1, 'uri': 'http://repository.lppm.unila.ac.id/id/document/155211', 'pos': 1, 'format': 'text', 'placement': 1, 'security': 'public', 'eprintid': 34635, 'mime_type': 'application/pdf', 'language': 'en'}]",pub,,['FKIP3'],other,disk0/00/03/46/35,"[{'name': {'honourific': None, 'family': 'rochmiyati', 'lineage': None, 'given': 'rochmiyati'}, 'id': 'rochmiyatiazwardi@yahoo.co.id'}]",,,,['L1'],2021-10-25 13:14:15,archive,show,7,,Pengembangan Model Bahan Ajar Berbasis Kurikulum 2013 untuk Pembelajaran Tematik Terpadu Di Sekolah Dasar,,34635,DJKI Kemenkumham RI,,,rochmiyatiazwardi@yahoo.co.id,
23,2021-10-25 13:14:19,,664,2021-10-25 13:14:19,,public,http://repository.lppm.unila.ac.id/id/eprint/34636,"[{'mime_type': 'application/pdf', 'language': 'en', 'eprintid': 34636, 'security': 'public', 'placement': 1, 'format': 'text', 'pos': 1, 'rev_number': 1, 'uri': 'http://repository.lppm.unila.ac.id/id/document/155212', 'docid': 155212, 'main': 'Sertifikat HAKI SIAGA + lampiran.pdf', 'files': [{'datasetid': 'document', 'filesize': 3378725, 'mime_type': 'application/pdf', 'fileid': 406927, 'hash': '4a6775c5472305b05da30a163e379d83', 'filename': 'Sertifikat HAKI SIAGA + lampiran.pdf', 'mtime': '2021-10-25 09:46:30', 'hash_type': 'MD5', 'objectid': 155212, 'uri': 'http://repository.lppm.unila.ac.id/id/file/406927'}]}]",pub,,['FKIP3'],other,disk0/00/03/46/36,"[{'id': 'rochmiyatiazwardi@yahoo.co.id', 'name': {'given': 'rochmiyati', 'family': 'rochmiyati', 'honourific': None, 'lineage': None}}]",,,,['L1'],2021-10-25 13:14:19,archive,show,7,,SIAGA (Siap Aku Galang Menghadapi Ujian Akhir Sekolah) UASBN 2010 Berstandar Nasional,,34636,DJKI Kemenkumham RI,,,rochmiyatiazwardi@yahoo.co.id,
24,2021-06-08 16:17:23,145-155,863,2021-06-08 16:17:23,TRUE,public,http://repository.lppm.unila.ac.id/id/eprint/32331,"[{'files': [{'mtime': '2021-06-08 12:44:01', 'hash_type': 'MD5', 'hash': '16adcb3cc4ca6b062796deb484078d35', 'filename': 'Jurnal UNY an Roni.pdf', 'fileid': 382636, 'mime_type': 'application/pdf', 'filesize': 447131, 'datasetid': 'document', 'uri': 'http://repository.lppm.unila.ac.id/id/file/382636', 'objectid': 146646}], 'main': 'Jurnal UNY an Roni.pdf', 'docid': 146646, 'rev_number': 1, 'uri': 'http://repository.lppm.unila.ac.id/id/document/146646', 'format': 'text', 'pos': 1, 'security': 'public', 'placement': 1, 'eprintid': 32331, 'mime_type': 'application/pdf', 'language': 'en'}]",pub,2.0,['FKIP3'],article,disk0/00/03/23/31,"[{'name': {'lineage': None, 'honourific': None, 'family': 'roni', 'given': 'agus saputra'}, 'id': 'ronyagus@gmail.com'}, {'id': 'herpratiwi.1964@fkip.unila.ac.id', 'name': {'given': 'Herpratiwi', 'lineage': None, 'honourific': None, 'family': 'Herpratiwi'}}, {'name': {'lineage': None, 'family': 'Caswita', 'honourific': None, 'given': 'Caswita'}, 'id': None}]",2460-9927 (online) 2338-4743 (print),Jurnal Prima Edukasia,"This study aims to produce students’ worksheet-based STEM building material in elementary schools Bandar Lampung City. This type of research is research and development (Research and Development / R&D). The main steps in this research and development are (1) information gathering and preliminary research; (2) planning; (3) product development; (4) limited testing; and (5) final product revision. The population in this study was the fifth-grade educators of SD Negeri Langkapura District Korwil III. The sampling technique used was the purposive sampling technique. The research sample was 3 (three) fifth-grade teachers of SDN 3 Langkapura, SDN 2 Langkapura, and SDN 1 Langkapura. Data collection techniques using observation and questionnaires. The data analysis technique in this study was using qualitative descriptive analysis techniques. Based on the results of research and discussion, it can be concluded that the development of STEM-based LKPD building material in elementary schools Bandar Lampung City is very feasible to use in learning. This is based on the results of the validation of material experts at 92.75%, the results of the validation of design experts at 82.08%, and the results of the test to the teacher at 93.04%. This research is limited to the expert and practitioner test. It would be better if it was perfected in the effectiveness and attractiveness test.",['L1'],2021-06-08 16:17:23,archive,show,6,8.0,Developing a STEM-based students’ worksheet building material in elementary school Bandar Lampung City,,32331,"Asosiasi Dosen PGSD dan Dikdas Indonesia-Program Pascasarjana, Universitas Negeri Yogyakarta",,,,https://doi.org/10.21831/jpe.v8i2.33478
