,type,divisions,creators,issn,publication,id_number,date,dir,lastmod,userid,datestamp,pagerange,documents,publisher,ispublished,number,refereed,uri,full_text_status,eprintid,date_type,related_url,status_changed,eprint_status,abstract,subjects,official_url,title,metadata_visibility,volume,rev_number,event_title,event_location,event_dates,event_type,pres_type,corp_creators,contributors,succeeds,referencetext
0,article,['FKIP19'],"[{'id': 'nelly.astuti@fkip.unila.ac.id', 'name': {'given': 'NELLY', 'lineage': None, 'family': 'ASTUTI', 'honourific': None}}, {'name': {'given': 'Nabila', 'family': 'Ayu', 'honourific': None, 'lineage': None}, 'id': None}]",2598-5949,Primary Jurnal Pendidikan Dasar,http://dx.doi.org/10.33578/jpfkip.v9i3,1970-01-01 00:00:00.000002020,disk0/00/02/62/70,2020-11-19 11:35:16,818,2020-11-19 11:35:16,387-396,"[{'rev_number': 1, 'uri': 'http://repository.lppm.unila.ac.id/id/document/40159', 'pos': 1, 'format': 'text', 'files': [{'filesize': 432733, 'datasetid': 'document', 'filename': '7886-18079-3-PB.pdf', 'hash': '0949f2fdb1af39894ecacd0a19617ade', 'hash_type': 'MD5', 'mtime': '2020-11-19 08:04:30', 'mime_type': 'application/pdf', 'fileid': 236566, 'uri': 'http://repository.lppm.unila.ac.id/id/file/236566', 'objectid': 40159}], 'docid': 40159, 'main': '7886-18079-3-PB.pdf', 'language': 'en', 'mime_type': 'application/pdf', 'placement': 1, 'security': 'public', 'eprintid': 26270}]",Laboratorium Program Studi Pendidikan Guru Sekolah Dasar Fakultas Keguruan dan Ilmu Pendidikan Universitas Riau,pub,3.0,TRUE,http://repository.lppm.unila.ac.id/id/eprint/26270,public,26270,published,[{'url': 'https://primary.ejournal.unri.ac.id/index.php/JPFKIP/article/view/7886/0'}],2020-11-19 11:35:16,archive,"Masalah dalam penelitian ini adalah hasil belajar beberapa peserta didik SDN 3 Adipuro
yang tidak memenuhi standar ketuntasan. Tujuan penelitian ini ialah untuk mengetahui hubungan
manajemen waktu belajar dan kompetensi profesional pendidik persepsi peserta didik dengan hasil
belajar kelas tinggi SDN 3 Adipuro. Jenis penelitian ini adalah ex post facto korelasi. Populasi
berjumlah 115 peserta didik dan sampel penelitian berjumlah 56 peserta didik. Teknik pengumpulan
data yang digunakan yaitu observasi, wawancara, angket, dan studi dokumentasi. Instrumen
pengumpulan data berupa angket dengan skala Likert yang telah diuji validitas dan reliabilitas.
Analisis data yang digunakan adalah Korelasi Poduct Moment dan Multiple Correlation. Hasil
penelitian menunjukkan bahwa terdapat hubungan yang positif dan signifikan antara manajemen waktu
belajar dan kompetensi profesional pendidik persepsi peserta didik dengan hasil belajar kelas tinggi
dengan koefisien korelasi sebesar berada pada taraf ""cukup kuat"".",['LB1501'],https://primary.ejournal.unri.ac.id/index.php/JPFKIP/index,"HUBUNGAN MANAJEMEN WAKTU BELAJAR DAN KOMPETENSI PROFESIONAL
PENDIDIK PERSEPSI PESERTA DIDIK DENGAN HASIL BELAJAR KELAS TINGGI",show,9.0,7,,,,,,,,,
1,conference_item,['FKIP19'],"[{'id': 'nelly.astuti@fkip.unila.ac.id', 'name': {'family': 'ASTUTI', 'honourific': None, 'lineage': None, 'given': 'NELLY'}}, {'name': {'family': 'RAPANI', 'honourific': None, 'lineage': None, 'given': 'RAPANI'}, 'id': None}, {'name': {'honourific': None, 'family': 'MUNCARNO', 'lineage': None, 'given': 'MUNCARNO'}, 'id': None}]",,,,2020-01-16 00:00:00.000000000,disk0/00/02/18/74,2020-06-04 17:07:50,818,2020-06-04 17:07:50,419-428,"[{'rev_number': 1, 'uri': 'http://repository.lppm.unila.ac.id/id/document/35294', 'format': 'text', 'pos': 1, 'files': [{'uri': 'http://repository.lppm.unila.ac.id/id/file/202158', 'objectid': 35294, 'filesize': 559902, 'datasetid': 'document', 'hash_type': 'MD5', 'mtime': '2020-06-04 15:05:53', 'filename': 'PROSIDING SEMNAS FKIP 2020_NELLY.pdf', 'hash': '1bf9add93e6e4c78e53ba6ec685add50', 'fileid': 202158, 'mime_type': 'application/pdf'}], 'main': 'PROSIDING SEMNAS FKIP 2020_NELLY.pdf', 'docid': 35294, 'language': 'en', 'mime_type': 'application/pdf', 'security': 'public', 'placement': 1, 'eprintid': 21874}]",,pub,,TRUE,http://repository.lppm.unila.ac.id/id/eprint/21874,public,21874,published,[{'url': 'https://drive.google.com/file/d/1Lhc4O1XNRh4Ee7pWpU8auQ5vZCWVIKni/view'}],2020-06-04 17:07:50,archive,"Abstrak: Pengaruh Media Berbasis IT terhadap Aktivitas dan Hasil Belajar
Peserta Didik Kelas IV SD Negeri 3 Way Galih. Masalah penelitian adalah rendahnya
aktivitas dan hasil belajar peserta didik kelas IV SD Negeri 3 Way Galih. Tujuan
penelitian adalah untuk menganalisis dan mengetahui pengaruh yang positif dan
signifikan penggunaan media berbasis IT terhadap aktivitas dan hasil belajar Kelas IV
SD Negeri 3 Way Galih. Jenis penelitian ini adalah penelitian eksperimen. Desain
penelitian yang digunakan yaitu non-equivalent control group design. Instrumen
penelitian yang digunakan lembar observasi dan soal tes. Hasil analisis hipotesis
menggunakan rumus uji Analisis of Varianve (ANOVA) dua arah (two-way analize of
varian). Hasil penelitian menunjukkan terdapat pengaruh penggunaan media berbasis IT
terhadap aktivitas dan hasil belajar peserta didik kelas IV SD Negeri 3 Way Galih.
Kata kunci : aktivitas, hasil belajar tematik, media berbasis IT",['LB1501'],http://semnaspend.fkip.unila.ac.id/2019/08/14/prosiding/,Pengaruh Media Berbasis IT terhadap Aktivitas dan Hasil Belajar Peserta Didik Kelas IV SD Negeri 3 Way Galih,show,,9,SEMINAR NASIONAL PENDIDIKAN FAKULTAS KEGURUAN DAN ILMU PENDIDIKAN “PEMBELAJARAN ABAD 21: MENCAPAI KOMPETENSI PENDIDIKAN  GENERASI EMAS 2045”,Bandar Lampung,16 Januari 2020,conference,paper,,,,
2,conference_item,['FKIP19'],"[{'id': 'fadhilah.khairani@fkip.unila.ac.id', 'name': {'given': 'Fadhilah', 'family': 'Khairani', 'honourific': None, 'lineage': None}}, {'id': 'senen@uny.ac.id', 'name': {'honourific': None, 'family': 'Senen', 'lineage': None, 'given': 'Anwar'}}, {'id': 'nurdinkamil43@gmail.com', 'name': {'honourific': None, 'family': 'Kamil', 'lineage': None, 'given': 'Nurdin'}}]",,,,1970-01-01 00:00:00.000002020,disk0/00/02/55/93,2020-11-16 15:09:14,2809,2020-11-16 15:09:14,,"[{'eprintid': 25593, 'security': 'public', 'placement': 1, 'language': 'en', 'mime_type': 'application/pdf', 'docid': 39397, 'main': 'Book of Abstracts ICLIQE 2020-168.pdf', 'files': [{'filesize': 31868, 'datasetid': 'document', 'hash_type': 'MD5', 'mtime': '2020-11-16 11:42:07', 'filename': 'Book of Abstracts ICLIQE 2020-168.pdf', 'hash': 'fbc902c85a0c61e51bd08f595969f1c4', 'fileid': 230661, 'mime_type': 'application/pdf', 'uri': 'http://repository.lppm.unila.ac.id/id/file/230661', 'objectid': 39397}], 'format': 'text', 'pos': 1, 'rev_number': 1, 'uri': 'http://repository.lppm.unila.ac.id/id/document/39397'}]",,inpress,,FALSE,http://repository.lppm.unila.ac.id/id/eprint/25593,public,25593,submitted,,2020-11-16 15:09:14,archive,"Higher-Order Thinking Skills (HOTS) is the key for children in facing the 4.0 industrial revolution. Support media that is integrated with HOTS is expected to overcome these problems. This study was intended to develop and investigate the effectiveness of a convertible book as an instructional medium to increase students' critical thinking skills in
learning. This study used the R & D method based upon Borg and Gall's 10 phases of development. The subjects were fourth-grade students of primary schools in Depok, Indonesia. Data collection techniques were interviews, observation, test questions, and scale. Data were analyzed using descriptive analysis and t-test. The results showed that the media was suitable to use as an instructional medium. This was demonstrated by the results of assessments from media and subject matter experts and the responses of teachers and students which obtained the ""excellent"" category of the score. Importantly, the convertible book was
found effective to increase students' critical thinking skills in learning. This was shown by the results of the p-value of t-test: 0.000 and 0.001. In short, this study extended our knowledge that convertible book media based on a scientific approach was an avenue to instill students'
critical thinking skills.","['H1', 'LB1501']",,"The Effectiveness of Convertible Book Media based on
Scientific Approach Viewed from Students' Critical
Thinking Skill",show,,9,The 4th International Conference on Learning Innovation and Quality Education (ICLIQE 2020),,,conference,speech,"['Universitas Lampung', 'Universitas Negeri Yogyakarta', 'Universitas Sriwijaya']",,,
3,other,['FKIP19'],"[{'name': {'lineage': None, 'honourific': None, 'family': 'Lilik', 'given': 'LS'}, 'id': 'lilik.sabdaningtyas@fkip.unila.ac.id'}]",,,,2020-06-26 00:00:00.000000000,disk0/00/02/28/24,2020-06-29 03:44:57,758,2020-06-29 03:44:57,,"[{'language': 'en', 'mime_type': 'application/pdf', 'eprintid': 22824, 'security': 'public', 'placement': 1, 'format': 'text', 'pos': 1, 'uri': 'http://repository.lppm.unila.ac.id/id/document/36329', 'rev_number': 1, 'main': '12. FACTORS_SUPPORTING_DECENTRALIZATION_POLICY_IMPLEME.pdf', 'docid': 36329, 'files': [{'uri': 'http://repository.lppm.unila.ac.id/id/file/209483', 'objectid': 36329, 'hash_type': 'MD5', 'mtime': '2020-06-29 03:08:37', 'filename': '12. FACTORS_SUPPORTING_DECENTRALIZATION_POLICY_IMPLEME.pdf', 'hash': 'f74f911d75849efa529cda368b7187a0', 'fileid': 209483, 'mime_type': 'application/pdf', 'filesize': 4908259, 'datasetid': 'document'}]}]",LP2M Universitas Lampung,pub,,,http://repository.lppm.unila.ac.id/id/eprint/22824,public,22824,published,,2020-06-29 03:44:57,archive,"There are many policies that are based on a very decent and good idea but it was difficult when it should be implemented. This is because that policy implementation is basically a complex involving many supporting factors. The purpose of this study is to determine the factors supporting the implementation of decentralization policies on school perfomaance, so we hope to share ideas in order to contribute ideas in imroving the school's perfomance in the implemntation of education decentralization policies.
This study uses a quantitative approach, a non-experimental design model in conducted in junior high school in Bandar Lampung. Samples were taken by first determining the minimum sample using the formula of cohen (1977) subsequenly used proportionate stratified random sampling technique. Data collected by quistionnaires that apply to school principals, teachers, students, and school committes. Then it analyzed by SEM using the LISREL program.
The research revealed that the school enviritment, target group policy, school organization and management process is a direct and meaningful support to the implementation of decentralization policies on the school perfomance. While implementing school policies and school resources are indirectly supporting the perfomance of the implentation od decentralization polices in education units through the process of managing the school organization. Another finding is that the implementers of policies  and school resources are a factor for direct support to process of managing the school organization. Direct and major supporting factor to the prfomance of policy implemntation decetraliztion in school is the policy target groups in the sequence followed by the school envirotment. school organization and management process implemnters of school policy.","['L1', 'LB1501', 'LC5201']",,FACTORS SUPPORTING DECENTRALIZATION POLICY IMPLEMENTATION PERFORMANCE IN SCHOOLS,show,,10,,,,,,"['Faculty of Teacher Training and Education, University of Lampung']",,,
4,article,['FKIP19'],"[{'name': {'honourific': None, 'family': 'Loliiyana', 'lineage': None, 'given': 'loliyana'}, 'id': 'loli.yana@fkip.unila.ac.id'}, {'name': {'lineage': None, 'family': 'Ismu', 'honourific': None, 'given': 'Sukamto'}, 'id': 'ismu.sukamto1101@fkip.unila.ac.id'}]",2159643,Jurnal Ilmu Pendidikan,,1970-01-01 00:00:00.000002020,disk0/00/03/88/03,2022-01-31 12:52:14,641,2022-01-31 12:52:14,62-65,"[{'language': 'en', 'mime_type': 'application/pdf', 'security': 'public', 'placement': 1, 'eprintid': 38803, 'uri': 'http://repository.lppm.unila.ac.id/id/document/159919', 'rev_number': 1, 'format': 'text', 'pos': 1, 'files': [{'uri': 'http://repository.lppm.unila.ac.id/id/file/438402', 'objectid': 159919, 'filesize': 317471, 'datasetid': 'document', 'filename': 'Artikel Loliyana 2020-1.pdf', 'hash': 'd85f11a4046c991e18cb67312ece7b2b', 'hash_type': 'MD5', 'mtime': '2022-01-31 07:40:19', 'mime_type': 'application/pdf', 'fileid': 438402}], 'docid': 159919, 'main': 'Artikel Loliyana 2020-1.pdf'}]",Jurnal Ilmu Pendidikan,pub,2.0,TRUE,http://repository.lppm.unila.ac.id/id/eprint/38803,public,38803,published,,2022-01-31 12:52:14,archive,"The purpose of this study was to describe the internet skills of students. The method used 
was a survey with an exploratory research design. The research sample consisted of 166 
students. The research instrument was adapted (Van Deursen et al., 2016) which is com�posed of 5 indicators, namely: (1) operational internal skills; (2) formal internet skills; (3) 
informational internet skills; (4) communicational internet skills; and (5) content creation 
internet skills. The results showed that students had good internet skills, including opera�tional, formal, communicational, and informational skills. Nevertheless, it was necessary 
to develop creative skills so that students are more productive in creating or developing 
content in a digital environment. In addition, there was a positive relationship between 
operational and communicational skills and con-tent creation skills. Thus, it can be con�cluded that overall, students have good basic internet skills. However, further research is 
needed to find out how these variables affect other variables.
Tujuan penelitian ini adalah untuk mendeksripsikan keterampilan internet mahasiswa. 
Metode yang digunakan adalah survei dengan desain penelitian eksploratori. Sampel 
penelitian maha-siswa yang berjumlah 166 orang. Instrumen penelitian diadaptasi dari 
instrumen yang dikembangkan oleh (Van Deursen et al., 2016) yang tersusun atas 5 indi�kator, yaitu: (1) ket-erampilan interner operasional; (2) keterampilan internet formal; (3) 
keterampilan internet in-formasional; (4) keterampilan internet komunikasional; dan (5) 
keterampilan internet kreasi kon-ten. Hasil penelitian menunjukkan bahwa mahasiswa 
memiliki keterampilan internet yang baik, meliputi keterampilan internet operasional, for�mal, komunikasional dan informasional. Namun, keterampilan internet kreasi konten ma�hasiswa masih tergolong rendah. Selain itu, terdapat hubungan positif antara keterampilan 
operasional dan komunikasional dengan keterampilan kreasi konten. Dengan demikian, 
secara keseluruhan mahasiswa sesungguhnya sudah memiliki keterampilan internet dasar 
yang baik.",['L1'],http://journal2.um.ac.id/index.php/jip/index,Students' Exploratory Analysis Study of Internet Skills,show,26.0,6,,,,,,,,,
5,article,['FKIP19'],"[{'id': 'loli.yana@fkip.unila.ac.id', 'name': {'lineage': None, 'family': 'Loliyana', 'honourific': None, 'given': 'Loliyana'}}]",2656-8527,JURNAL INOVATIF ILMU PENDIDIKAN,,2020-04-01 00:00:00.000000000,disk0/00/04/36/60,2022-07-27 09:09:39,641,2022-07-27 09:09:39,51-64,"[{'eprintid': 43660, 'placement': 1, 'security': 'public', 'mime_type': 'application/pdf', 'language': 'en', 'main': '21792-51793-1-PB.pdf', 'docid': 165597, 'files': [{'filename': '21792-51793-1-PB.pdf', 'hash': '56a9cd9d60de230d07816c75607684ce', 'hash_type': 'MD5', 'mtime': '2022-07-27 07:59:03', 'mime_type': 'application/pdf', 'fileid': 476125, 'filesize': 503137, 'datasetid': 'document', 'uri': 'http://repository.lppm.unila.ac.id/id/file/476125', 'objectid': 165597}], 'pos': 1, 'format': 'text', 'uri': 'http://repository.lppm.unila.ac.id/id/document/165597', 'rev_number': 1}]","Jurusan Ilmu Pendidikan, FKIP Universitas Lampung",pub,1.0,TRUE,http://repository.lppm.unila.ac.id/id/eprint/43660,public,43660,published,[{'url': 'http://jurnal.fkip.unila.ac.id/index.php/JIIP/index'}],2022-07-27 09:09:39,archive,"The teacher must be able to present good language ethical learning. It 
considers that the teacher is not only a source of learning material but also 
as a role model for students. Therefore, this study was conducted to 
describe the teacher's writing skills. This study used a descriptive analytic 
approach using a questionnaire and portfolio documentation. The research 
sample consisted of 26 teachers in Bandar Lampung. Based on research 
data, the average value of writing skills was 74.12. Thus, it can be 
concluded that the language skills of elementary school teachers in Bandar 
Lampung City are categorized as good.",['L1'],http://jurnal.fkip.unila.ac.id/index.php/JIIP/index,"Studi Evaluatif Profesionalisme Guru Lulusan S1 PGSD 
dalam Keterampilan Menulis",show,2.0,6,,,,,,,"[{'name': {'given': 'Loliyana', 'honourific': None, 'family': 'Loliyana', 'lineage': None}, 'id': 'loli.yana@fkip.unila.ac.id', 'type': 'http://www.loc.gov/loc.terms/relators/AUT'}]",,
6,article,['FKIP19'],"[{'id': 'loli.yana@fkip.unila.ac.id', 'name': {'lineage': None, 'honourific': None, 'family': 'Loliyana', 'given': 'Loliyana'}}, {'id': 'ismu.sukamto1101@fkip.unila.ac.id', 'name': {'honourific': None, 'family': 'Ismu', 'lineage': None, 'given': 'Sukamto'}}]",2159643,Jurnal Ilmu Pendidikan,,2020-12-01 00:00:00.000000000,disk0/00/04/36/50,2022-07-27 06:51:46,641,2022-07-27 06:51:46,62-65,"[{'mime_type': 'application/pdf', 'language': 'en', 'placement': 1, 'security': 'public', 'eprintid': 43650, 'rev_number': 1, 'uri': 'http://repository.lppm.unila.ac.id/id/document/165590', 'pos': 1, 'format': 'text', 'files': [{'objectid': 165590, 'uri': 'http://repository.lppm.unila.ac.id/id/file/476071', 'mime_type': 'application/pdf', 'fileid': 476071, 'filename': '14949-53238-4-PB.pdf', 'hash': 'd85f11a4046c991e18cb67312ece7b2b', 'hash_type': 'MD5', 'mtime': '2022-07-27 04:50:51', 'datasetid': 'document', 'filesize': 317471}], 'docid': 165590, 'main': '14949-53238-4-PB.pdf'}]",Jurnal Ilmu Pendidikan,pub,2.0,TRUE,http://repository.lppm.unila.ac.id/id/eprint/43650,public,43650,published,"[{'type': 'pub', 'url': 'http://journal2.um.ac.id/index.php/jip/issue/view/867'}]",2022-07-27 06:51:46,archive,"The purpose of this study was to describe the internet skills of students. The method used 
was a survey with an exploratory research design. The research sample consisted of 166 
students. The research instrument was adapted (Van Deursen et al., 2016) which is com�posed of 5 indicators, namely: (1) operational internal skills; (2) formal internet skills; (3) 
informational internet skills; (4) communicational internet skills; and (5) content creation 
internet skills. The results showed that students had good internet skills, including opera�tional, formal, communicational, and informational skills. Nevertheless, it was necessary 
to develop creative skills so that students are more productive in creating or developing 
content in a digital environment. In addition, there was a positive relationship between 
operational and communicational skills and con-tent creation skills. Thus, it can be con�cluded that overall, students have good basic internet skills. However, further research is 
needed to find out how these variables affect other variables.",['L1'],http://journal2.um.ac.id/index.php/jip/index,Students' Exploratory Analysis Study of Internet Skills,show,26.0,6,,,,,,,"[{'type': 'http://www.loc.gov/loc.terms/relators/AUT'}, {'type': 'http://www.loc.gov/loc.terms/relators/AUT'}]",,
7,article,['FKIP19'],"[{'id': 'loli.yana@fkip.unila.ac.id', 'name': {'lineage': None, 'honourific': None, 'family': 'Loliyana', 'given': 'Loliyana'}}, {'name': {'given': 'Efendi', 'honourific': None, 'family': 'Ujang', 'lineage': None}, 'id': 'ujang.efendi@fkip.unila.ac.id'}]",e-ISSN 2580-8915,"Terampil: Jurnal Pendidikan dan Pembelajaran Dasar, 7 (2), 2020, 89-96",,1970-01-01 00:00:00.000002020,disk0/00/04/36/61,2022-07-27 09:09:41,641,2022-07-27 09:09:41,89-96,"[{'uri': 'http://repository.lppm.unila.ac.id/id/document/165598', 'rev_number': 1, 'format': 'text', 'pos': 1, 'files': [{'objectid': 165598, 'uri': 'http://repository.lppm.unila.ac.id/id/file/476131', 'datasetid': 'document', 'filesize': 691122, 'mime_type': 'application/pdf', 'fileid': 476131, 'filename': '6952-27293-1-PB.pdf', 'hash': 'f30ed2402cc69a41293bd0e2d488ca57', 'hash_type': 'MD5', 'mtime': '2022-07-27 08:34:38'}], 'main': '6952-27293-1-PB.pdf', 'docid': 165598, 'mime_type': 'application/pdf', 'language': 'en', 'security': 'public', 'placement': 1, 'eprintid': 43661}]","Program Studi Pendidikan Guru Madrasah Ibtidaiyah,     Fakultas Tarbiyah dan Keguruan, UIN Raden Intan    Lampung",pub,2.0,TRUE,http://repository.lppm.unila.ac.id/id/eprint/43661,public,43661,published,"[{'type': 'pub', 'url': 'http://ejournal.radenintan.ac.id/index.php/terampil/issue/view/703'}]",2022-07-27 09:09:41,archive,"Penelitian ini dilakukan berdasarkan masalah rendahnya keterampilan bertanya dan kemampuan 
pemecahan masalah matematika peserta didik kelas V SD Negeri 6 Gedong Air. Tujuan penelitian 
ialah untuk mengetahui apakah ada pengaruh model pembelajaran guided discovery learning terhadap 
keterampilan bertanya dan kemampuan pemecahan masalah matematika peserta didik kelas V SD 
Negeri 6 Gedong Air. Metode penelitian yang digunakan adalah metode pre-eksperimental design
menggunakan bentuk one-group pretest-posttest design. Populasi berjumlah 70 orang. Teknik 
pengambilan sampel menggunakan teknik purposive sampling. Sampel yang digunakan berjumlah 36 
orang. Pengumpulan data menggunakan teknik tes dan non tes. Hasil analisis data menunjukkan ada 
pengaruh model pembelajaran guided discovery learning terhadap keterampilan bertanya peserta didik
kelas V SD Negeri, ada pengaruh model pembelajaran guided discovery learning terhadap 
kemampuan pemecahan masalah matematika peserta didik kelas V SD Negeri, dan ada pengaruh 
model pembelajaran guided discovery learning terhadap keterampilan bertanya dan kemampuan 
pemecahan masalah matematika peserta didik kelas V SD Negeri 6 Gedong Air Bandar Lampung 
tahun ajaran 2019/2020.",['L1'],http://ejournal.radenintan.ac.id/index.php/terampil/index,"Pengaruh Model GDL Terhadap Keterampilan Bertanya dan Kemampuan 
Pemecahan Masalah Matematika SD",show,7.0,6,,,,,,,"[{'type': 'http://www.loc.gov/loc.terms/relators/AUT', 'id': 'loli.yana@fkip.unila.ac.id', 'name': {'given': 'Loliyana', 'lineage': None, 'honourific': None, 'family': 'Loliyana'}}, {'name': {'family': 'Ujang', 'honourific': None, 'lineage': None, 'given': 'Efendi'}, 'type': 'http://www.loc.gov/loc.terms/relators/AUT', 'id': 'ujang.efendi@fkip.unila.ac.id'}]",,
8,article,['FKIP19'],"[{'name': {'given': 'Profithasari', 'honourific': None, 'family': 'Nindy', 'lineage': None}, 'id': None}, {'name': {'family': 'rochmiyati', 'honourific': None, 'lineage': None, 'given': 'rochmiyati'}, 'id': 'rochmiyatiazwardi@yahoo.co.id'}, {'name': {'family': 'Lilik', 'honourific': None, 'lineage': None, 'given': 'LS'}, 'id': 'lilik.sabdaningtyas@fkip.unila.ac.id'}]",2320–1959,IOSR Journal of Research & Method in Education (IOSR-JRME),,2020-10-01 00:00:00.000000000,disk0/00/03/45/46,2021-10-18 08:43:17,664,2021-10-18 08:43:17,50-54,"[{'formatdesc': 'Reviewer', 'rev_number': 3, 'uri': 'http://repository.lppm.unila.ac.id/id/document/155069', 'format': 'text', 'pos': 2, 'files': [{'filesize': 659561, 'datasetid': 'document', 'mtime': '2021-08-19 02:24:18', 'hash_type': 'MD5', 'hash': '120bd9065338059643ea60f96a37c92e', 'filename': '1.pdf', 'fileid': 406189, 'mime_type': 'application/pdf', 'uri': 'http://repository.lppm.unila.ac.id/id/file/406189', 'objectid': 155069}], 'docid': 155069, 'main': '1.pdf', 'mime_type': 'application/pdf', 'language': 'en', 'security': 'public', 'placement': 2, 'eprintid': 34546}, {'eprintid': 34546, 'security': 'public', 'placement': 3, 'mime_type': 'application/pdf', 'language': 'en', 'main': '1. Development_of_Performance_Assessment_Instrument_B.pdf', 'docid': 155070, 'files': [{'filesize': 1147216, 'datasetid': 'document', 'mtime': '2021-08-19 02:24:33', 'hash_type': 'MD5', 'filename': '1. Development_of_Performance_Assessment_Instrument_B.pdf', 'hash': 'c36da3b7439ac2206306c499255d7967', 'fileid': 406190, 'mime_type': 'application/pdf', 'uri': 'http://repository.lppm.unila.ac.id/id/file/406190', 'objectid': 155070}], 'format': 'text', 'pos': 3, 'formatdesc': 'Similaritas', 'uri': 'http://repository.lppm.unila.ac.id/id/document/155070', 'rev_number': 3}, {'pos': 18, 'format': 'text', 'rev_number': 2, 'uri': 'http://repository.lppm.unila.ac.id/id/document/155085', 'formatdesc': 'Artikel', 'docid': 155085, 'main': '1.1. The development of Perfomance Assessment Intrument Based on Discovery Learning in Fourth Grade Elemnetary School..pdf', 'files': [{'fileid': 406208, 'mime_type': 'application/pdf', 'hash_type': 'MD5', 'mtime': '2021-10-18 02:54:15', 'hash': 'b2715ab40a88e94b435cd30a4523ad66', 'filename': '1.1. The development of Perfomance Assessment Intrument Based on Discovery Learning in Fourth Grade Elemnetary School..pdf', 'datasetid': 'document', 'filesize': 230106, 'objectid': 155085, 'uri': 'http://repository.lppm.unila.ac.id/id/file/406208'}], 'language': 'en', 'mime_type': 'application/pdf', 'eprintid': 34546, 'placement': 18, 'security': 'public'}]",IOSR-JRME,pub,5.0,TRUE,http://repository.lppm.unila.ac.id/id/eprint/34546,public,34546,,,2021-10-18 08:43:17,archive,"The purpose of this study is to develop and describe a performance assessment instrument based on discovery
learning which is valid and reliable in assessing student performance in fourth grade elementary school. This
research and development refers to Borg and Gall theory. ThestudypopulationwasfourthgradeteachersintheElementarySchoolinthe Gading Rejo District, andthesubjectwas determined bya simple randomsamplingof19teachers who are included in the Cluster III of Gading Rejo and Cluster V of Gading Rejo
. Data were collected through observation sheets and questionnaires. The data analysis technique used
validity and reliability. The performance assessment instrument developed is in the form of a check list which is
used to measure students' skills in receiving stimulation, identifying problems, collecting data, processing data,
proving data and drawing conclusions. Each point of assessment in the performance assessment instrument is
validated by evaluation experts, material experts, linguists, and 4th grade elementary school teachers as user tests. The results showed that all assessment items in the performance assessment instrument developed valid and reliable","['L1', 'LB1501', 'LC5201']",https://www.iosrjournals.org/iosr-jrme/papers/Vol-10%20Issue-5/Series-4/H1005045054.pdf,"Development of Performance Assessment Instrument Based on
Discovery Learning In Fourth Grade Elementary School.",show,10.0,8,,,,,,,,33502.0,
9,article,['FKIP19'],"[{'id': 'dayurika.perdana@fkip.unila.ac.id', 'name': {'lineage': None, 'family': 'Perdana', 'honourific': None, 'given': 'Dayu Rika'}}, {'name': {'honourific': None, 'family': 'Adha', 'lineage': None, 'given': 'Muhammad Mona'}, 'id': 'mohammad.monaadha@fkip.unila.ac.id'}]",2302-433X,Citizenship Jurnal Pancasila dan Kewarganegaraan,,2020-11-01 00:00:00.000000000,disk0/00/03/69/57,2021-11-18 01:22:17,19245,2021-11-18 01:22:17,89-101,"[{'eprintid': 36957, 'placement': 1, 'security': 'public', 'language': 'en', 'mime_type': 'application/pdf', 'main': 'Implementasi Blended Learning untuk Penguatan Pendidikan Karakter pada Pembelajaran Pendidikan Kewarganegaraan.pdf', 'docid': 157875, 'files': [{'uri': 'http://repository.lppm.unila.ac.id/id/file/424425', 'objectid': 157875, 'filesize': 241957, 'datasetid': 'document', 'filename': 'Implementasi Blended Learning untuk Penguatan Pendidikan Karakter pada Pembelajaran Pendidikan Kewarganegaraan.pdf', 'hash': '69bce1524d7facb7f0d62547f832c972', 'mtime': '2021-11-17 12:30:59', 'hash_type': 'MD5', 'mime_type': 'application/pdf', 'fileid': 424425}], 'pos': 1, 'format': 'text', 'rev_number': 1, 'uri': 'http://repository.lppm.unila.ac.id/id/document/157875'}]",Jurnal,pub,2.0,TRUE,http://repository.lppm.unila.ac.id/id/eprint/36957,public,36957,published,"[{'type': 'pub', 'url': 'http://e-journal.unipma.ac.id/index.php/Citizenship'}, {'url': None, 'type': 'pub'}, {'type': 'pub', 'url': None}]",2021-11-18 01:22:17,archive,"Pendidikan karakter merupakan aspek penting dalam mengembangkan ranah afektif, khususnya bagi generasi penerus bangsa. Artikel ini bertujuan untuk mengambarkan implementasi blended learning untuk penguatan pendidikan karakter pada pembelajaran Pendidikan kewarganegaraan. Penulisan artikel ini menggunakan pendekatan conceptual analysis yang diuraikan secara kualitatif. Analisis konseptual yang diaplikasikan pada kajian artikel ini dimaksudkan untuk menghasilkan konstruksi gambaran yang lebih jelas dan bermakna. Hasil kajian analisis literatur dijelaskan bahwa pendidikan karakter dapat diperkuat melalui proses pembelajaran, yang dalam hal ini melalui blended learning pembelajaran pendidikan kewarganegaraan. Kemandirian dan kedisiplinan mahasiswa di dalam blended learning berhubungan erat bagaimana mahasiswa membiasakan diri untuk terlibat aktif dan menjadi bagian dari penguatan karakter. Intensitas mahasiswa di dalam mengikuti aktivitas blended learning turut dipengaruhi oleh faktor kejujuran, tanggung jawab, kepedulian, dan komunikasi yang saling menghormati satu sama lain di dalam proses tatap muka secara daring.","['H1', 'L1']",http://e-journal.unipma.ac.id/index.php/Citizenship,Implementasi Blended Learning untuk Penguatan Pendidikan Karakter pada Pembelajaran Pendidikan Kewarganegaraan,show,8.0,10,,,,,,,"[{'type': 'http://www.loc.gov/loc.terms/relators/AUT', 'id': 'dayurika.perdana@fkip.unila.ac.id', 'name': {'honourific': None, 'family': 'Perdana', 'lineage': None, 'given': 'Dayu Rika'}}, {'name': {'family': 'Adha', 'honourific': None, 'lineage': None, 'given': 'Muhammad Mona'}, 'id': 'mohammad.monaadha@fkip.unila.ac.id', 'type': 'http://www.loc.gov/loc.terms/relators/AUT'}]",,"Adha, M. M. (2010). Model Project Citizen Untuk Meningkatkan Kecakapan Warga Negara pada Konsep Kemerdekaan Mengemukakan 
Pendapat. Tesis. Pendidikan Kewarganegaraan Universitas 
Pendidikan Indonesia.

Adha, M. M & Yanzi, H. (2014). Project Citizen Model for Effective Student Engagement and Democratic Citizenship in Civic Education Best Practices. The First Sriwijaya University Learning and Education International Conference 
Proceedings. Faculty of Teacher Training and Education Sriwijaya University.

Adha, M. M., Yanzi, H, & Nurmalisa, Y(2018). The Improvement of Student Intelectual and Participatory Skill through Project Citizen Model in Civic Education Classroom. International Journal Pedagogy of Social Studies, 3 (1): 39-50.

Adha, M. M., Yanzi, H, & Nurmalisa, Y(2019a). Open Classroom Climate: Project Citizen Model in Civic Education Learning Activity. Pedagogia Jurnal Ilmu Pendidikan, 17 (01): 13-22.

Adha, M. M., Ulpa, E. P., Yanzi, H., Nurmalisa, Y., Hidayat, O. T. Putri, D. S. (2019b). Relevansi Pembelajaran Project Citizen “Memproduksi” Pengetahuan dan Keterampilan Pembelajar Masa Kini dan Masa Depan. Prosiding Seminar 
Pendidikan Nasional Fakultas Keguruan dan Ilmu Pendidikan 
Universitas Lampung

Al Munawar. (2005). Aktualisasi Nilai-Nilai Qurani dalam Sistem Pendidikan Islam. Ciputat: Ciputat Press.

Aeni. (2014). Pendidikan Karakter Untuk Siswa SD Dalam Perspektif Islam Mimbar Sekolah Dasar. Jurnal Mimbar Sekolah Dasar UPI Kampus Sumedang, 1 (1): 50-58.

Akbar. (2015). Pendidikan Karakter Best 
Pratice. Malang: Universitas Negeri 
Malang.

Amri. (2011).Implementasi Pendidikan Karakter dalam Pembelajaran.Jakarta: PT. Prestasi Pustakarya.
Bonk & Graham. (2006). Istilah Blended Learning. Jakarta: UI Press.

Cholisin (2004). PPKn Paradigma Baru dan Pengembangannya dalam KBK. Jurnal Racmi, Media Informasi, Komunikasi, dan Pengembangan Sumberdaya, 04 (01). Yogyakarta: Lembaga Penjamin Mutu Pendidikan (LPMP).

Driscoll, M. (2002). Blended Learning: Let’s Get Beyond the Hype. LTI Magazine. [Online]. Diakses 16 Maret 2012, dari: 
http://www.ltimagazine.com/ltimagazine/article/articledetail.jsp

Furner, J. (2004). Conceptual Analysis: A Method for Understanding Information as Evidence, and Evidence as Information. Archival Science, 4: 233-265.

Graham, C. R. (2006). Blended Learning Systems: Definition, Current Trends, and Future Directions. Dalam C. 
Bonk & C. Graham (Eds.), The Handbook of Blended Learning: 
Global Perpsectives, Local Designs. San Fransisco: Pfeiffer, hlm. 3-21.

Graham, C. R., Allen, S. & Ure, D. (2003). Blended Learning Environment: A eview of the Research Literature. [Online]. Diakses 2 Maret 2020, dari: http://msed.byu.edu/ipt/graham/vita/ble_litrev.pdf. Iksan, Z. H., Zakaria, E. & Meerah, T. S. M. (2012). Communication Skills among University Student. Procedia Social and Behavioral Sciences, 59: 71-76.

Ismawati, E. (2018). Nationalism in Indonesian Literature as Active Learning Material. International Journal of Active Learning, 3 (1): 
33-38.

Isnaini. (2016). Penguatan Pendidikan Karakter Siswa Melalui Manajemen Bimbingan dan Konseling Islam. Jurnal Manajemen Pendidikan Islam, 1 (1): 36.

Jones, N. (2006). E-College Wales, a Case Study of Blended Learning. Dalam C. J. Bonk & C. R. Graham (Eds), Handbook of Blended Learning: Global Perspectives, Local Designs hlm. 182-194). San Fransisco, CA: Pfeiffer Publishing. 

Lickona, T. (1991). Educating for Character: How Our Schools Can Teach Respect and Responsibility. New York: Bantam Books.

Lorenzo, G & Moore, J. C. (2002). The Sloan Consortium Report to the Nation: Five Pillars of Quality Online Education. [Online]. Diakses 10 Juni 2012, dari http:’’www.sloan�c.org/effective/pillarreport1.pdf.
Maggeti, M., Radaelli, C. & Gilardi, F. (2012). Designing Research in the Social Sciences. Sage Publishing Online.

Manullang. (2013). Grand Desain Pendidikan Karakter Generasi Emas 2045. Jurnal Pendidikan Karakter, III (I): 1-14.

Marzuki, N. A., Mustaffa, C. S. & Saad, Z. M. (2015). Emotional Intelligence: Its Relations to Communication and 
Information Technology Skills. Asian Social Science, 11 (15): 267-274.

Misseyanni, A., Papadopoulou, P., Marouli, C, Lytras, M. D. (2018). Active Learning Strategies in Higher Education. UK: Emerald Publishing Limited.

Osguthorpe, R. & Graham, R. (2003). Blended Learning Environments: Definitions and Directions. The Quarterly Review of Distance Education, 4 (3): 227-234.

Pangalila, T. (2017). Peningkatan Civic Dispotitions Siswa Melalui Pendidikan Kewargnegaraan (Pkn). Jurnal Pendidikan 
Kewarganegaraan, 7 (1):101.

Rafzan., Budimansyah, D., Fitriasari, S., & Adha, M.M. (2019). The Implementation of Higher Order Thinking Using Project Citizen in Escalating Students' Hard and Soft 
Skills. Proceeding of International Conference on Advances in Education, Humanities, and Language.

Reay, J. E. (2003). Blended Learning A Fusion for Future. Knowledge Management Review, 4 (3): 6.

Santoso, R & Adha, M. M. (2019c). Inovasi Pendidikan Karakter Melalui Pembelajaran Berbasis Lingkungan Sosial dan Budaya. Makalah dipresentasikan pada Seminar Nasional Pendidikan FKIP Universitas Lampung tanggal 28 September 2019.

Semler. (2005). Pengertian Blended Learning. Bandung: PT Remaja Rosdakarya.

Setyawan, M. B. (2017). Peranan Blended Learning Bagi Karakter Belajar Siswa dalam Pendidikan Olahraga. Prosiding Seminar Nasional Profesionalisme Tenaga Profesi 
PJOK, Pascasarjana UM.

Sudarman. (2014). Pengaruh Strategi Pembelajaran Blended Learning Terhadap Perolehan Belajar Konsep dan Prosedur pada Mahasiswa yang Memiliki Self-Regulated Learning Berbeda. Pendidikan dan Pembelajaran, 21 (1): 107-117.

Shkedi, A. (2004). Second Order Theoritical Analysis: A Method for Constructing Theoritical Explanation. International Journal of Qualitative Studies in Education, 17 (5): 627-646

Suraji, S., Ahmad, A. R., Awang, M. M., Mamat, N. & Seman, A. A. (2018). Fun Learning Approaches in Enhancing Patriotism Values among Preschool Children. International 
Journal of Academic Research in Business and Social Sciences, 8 (8), 152-158.

Susanto, A. (2014). Pengaruh Pendidikan Kewarganegaraan Sebagai Wahana Pengembangan KompetensiKewarganegaraan (Civic 
Competences) Terhadap Kehidupan Demokrasi Siswa Kelas Ix Smpn 1 Bungkal Tahun Pelajaran 2013/2014. Universitas Muhammadiyah Ponorogo.

Turskis, Z. (2016)What is the Difference Between Literature Review, Theoritical Analysis and Conceptual Analysis?. [Online]. Diakses 5 Maret 2020, dari: www.researchgate.net.

Winataputra, U. S. (2001). Jatidiri Pendidikan Kewarganegaraan sebagai Wahana Sistematik Pendidikan Demokrasi. Disertasi S3 IPS. Bandung: SPS UPI. Tidak 
diterbitkan.Zimmerman, B. J. (1989). A Social 
Cognitive View of Self Regulated Academic Learning. Journal of Educational Pschycology, 3: 329-339"
10,other,['FKIP19'],"[{'name': {'given': 'Irawan', 'lineage': None, 'family': 'Suntoro', 'honourific': None}}, {'name': {'honourific': None, 'family': 'Rini', 'lineage': None, 'given': 'Riswanti'}}]",,,,1970-01-01 00:00:00.000002020,disk0/00/02/26/47,2020-06-19 01:48:10,825,2020-06-19 01:48:10,,"[{'format': 'text', 'pos': 1, 'rev_number': 1, 'uri': 'http://repository.lppm.unila.ac.id/id/document/36120', 'docid': 36120, 'main': '22 DESENTRALISASI.pdf', 'files': [{'objectid': 36120, 'uri': 'http://repository.lppm.unila.ac.id/id/file/207717', 'mime_type': 'application/pdf', 'fileid': 207717, 'filename': '22 DESENTRALISASI.pdf', 'hash': '312066dd2337363f1851c5350d493d33', 'hash_type': 'MD5', 'mtime': '2020-06-18 07:41:10', 'datasetid': 'document', 'filesize': 786334}], 'language': 'en', 'mime_type': 'application/pdf', 'eprintid': 22647, 'security': 'public', 'placement': 1}]",FKIP Unila,unpub,,,http://repository.lppm.unila.ac.id/id/eprint/22647,public,22647,,,2020-06-19 01:48:10,archive,,"['L1', 'LB1501', 'LC5201']",,Desentralisasi Fungsional Pendidikan,show,,9,,,,,,"['Jurusan Pendidikan IPS FKIP Unila', 'Jurusan Ilmu Pendidikan FKIP Unila']","[{'type': 'http://www.loc.gov/loc.terms/relators/REV'}, {'type': 'http://www.loc.gov/loc.terms/relators/REV'}]",,
11,other,['FKIP19'],"[{'name': {'given': 'Irawan', 'family': 'Suntoro', 'honourific': None, 'lineage': None}}, {'name': {'given': 'Riswanti', 'honourific': None, 'family': 'Rini', 'lineage': None}}]",,,,1970-01-01 00:00:00.000002020,disk0/00/02/26/27,2020-06-18 06:41:31,825,2020-06-18 06:41:31,,"[{'files': [{'mtime': '2020-06-18 06:36:22', 'hash_type': 'MD5', 'filename': '03 DEV WORKSHEET.pdf', 'hash': 'e4409532798ffbf63cddf17127af022e', 'fileid': 207515, 'mime_type': 'application/pdf', 'filesize': 726893, 'datasetid': 'document', 'uri': 'http://repository.lppm.unila.ac.id/id/file/207515', 'objectid': 36099}], 'docid': 36099, 'main': '03 DEV WORKSHEET.pdf', 'rev_number': 1, 'uri': 'http://repository.lppm.unila.ac.id/id/document/36099', 'pos': 1, 'format': 'text', 'placement': 1, 'security': 'public', 'eprintid': 22627, 'mime_type': 'application/pdf', 'language': 'en'}]",FKIP Unila,unpub,,,http://repository.lppm.unila.ac.id/id/eprint/22627,public,22627,,,2020-06-18 06:41:31,archive,,"['L1', 'LB1501', 'LC5201']",,Developing Worksheet Based on Multiple Intelligences to Optimize the Creative Thinking Student,show,,9,,,,,,"['Jurusan Pendidikan IPS FKIP Unila', 'Jurusan Ilmu Pendidikan FKIP Unila']","[{'type': 'http://www.loc.gov/loc.terms/relators/REV'}, {'type': 'http://www.loc.gov/loc.terms/relators/REV'}]",,
12,other,['FKIP19'],"[{'name': {'given': 'Irawan', 'lineage': None, 'honourific': None, 'family': 'Suntoro'}}, {'name': {'given': 'Riswanti', 'family': 'Rini', 'honourific': None, 'lineage': None}}]",,,,1970-01-01 00:00:00.000002020,disk0/00/02/26/25,2020-06-18 06:41:35,825,2020-06-18 06:41:35,,"[{'mime_type': 'application/pdf', 'language': 'en', 'security': 'public', 'placement': 1, 'eprintid': 22625, 'rev_number': 1, 'uri': 'http://repository.lppm.unila.ac.id/id/document/36098', 'format': 'text', 'pos': 1, 'files': [{'uri': 'http://repository.lppm.unila.ac.id/id/file/207499', 'objectid': 36098, 'hash_type': 'MD5', 'mtime': '2020-06-18 06:30:20', 'hash': '94fb3a5394cd647082274bce0857f487', 'filename': '01 THE DEV OF ASSESSMENT.pdf', 'fileid': 207499, 'mime_type': 'application/pdf', 'filesize': 650999, 'datasetid': 'document'}], 'main': '01 THE DEV OF ASSESSMENT.pdf', 'docid': 36098}]",FKIP Unila,unpub,,,http://repository.lppm.unila.ac.id/id/eprint/22625,public,22625,,,2020-06-18 06:41:35,archive,,"['L1', 'LB1501', 'LC5201']",,The Development of Assessment Instruments Based on Multiple Intelligence in Elementary School,show,,9,,,,,,"['Jurusan Pendidikan IPS FKIP Unila', 'Jurusan Ilmu Pendidikan FKIP Unila']","[{'type': 'http://www.loc.gov/loc.terms/relators/REV'}, {'type': 'http://www.loc.gov/loc.terms/relators/REV'}]",,
13,other,['FKIP19'],"[{'name': {'given': 'Irawan', 'family': 'Suntoro', 'honourific': None, 'lineage': None}}, {'name': {'given': 'Riswanti', 'lineage': None, 'honourific': None, 'family': 'Rini'}}]",,,,1970-01-01 00:00:00.000002020,disk0/00/02/26/38,2020-06-18 07:34:12,825,2020-06-18 07:34:12,,"[{'docid': 36111, 'main': '13 THE DEV OF INTEGRATIVE.pdf', 'files': [{'hash': '4500aaf6d85864dfbe8a46e27dde82b9', 'filename': '13 THE DEV OF INTEGRATIVE.pdf', 'mtime': '2020-06-18 07:09:24', 'hash_type': 'MD5', 'mime_type': 'application/pdf', 'fileid': 207625, 'filesize': 753533, 'datasetid': 'document', 'uri': 'http://repository.lppm.unila.ac.id/id/file/207625', 'objectid': 36111}], 'format': 'text', 'pos': 1, 'rev_number': 1, 'uri': 'http://repository.lppm.unila.ac.id/id/document/36111', 'eprintid': 22638, 'security': 'public', 'placement': 1, 'language': 'en', 'mime_type': 'application/pdf'}]",FKIP Unila,unpub,,,http://repository.lppm.unila.ac.id/id/eprint/22638,public,22638,,,2020-06-18 07:34:12,archive,,"['L1', 'LB1501', 'LC5201']",,The Development of Integrative Thematic Learning Tools Based on Problem Based Learning to Improve Critical Thinking of Students in Fourth Grade in Elementari School,show,,9,,,,,,,"[{'type': 'http://www.loc.gov/loc.terms/relators/REV'}, {'type': 'http://www.loc.gov/loc.terms/relators/REV'}]",,
14,other,['FKIP19'],"[{'name': {'given': 'Irawan', 'honourific': None, 'family': 'Suntoro', 'lineage': None}}, {'name': {'lineage': None, 'family': 'Rini', 'honourific': None, 'given': 'Riswanti'}}]",,,,1970-01-01 00:00:00.000002020,disk0/00/02/26/39,2020-06-18 07:34:16,825,2020-06-18 07:34:16,,"[{'language': 'en', 'mime_type': 'application/pdf', 'eprintid': 22639, 'placement': 1, 'security': 'public', 'pos': 1, 'format': 'text', 'rev_number': 1, 'uri': 'http://repository.lppm.unila.ac.id/id/document/36112', 'main': '14 DEV OF PERFORM.pdf', 'docid': 36112, 'files': [{'uri': 'http://repository.lppm.unila.ac.id/id/file/207635', 'objectid': 36112, 'filesize': 659598, 'datasetid': 'document', 'hash_type': 'MD5', 'mtime': '2020-06-18 07:17:38', 'hash': 'eea0f2e30d344562de8e2f3a7ae94761', 'filename': '14 DEV OF PERFORM.pdf', 'fileid': 207635, 'mime_type': 'application/pdf'}]}]",FKIP Unila,unpub,,,http://repository.lppm.unila.ac.id/id/eprint/22639,public,22639,,,2020-06-18 07:34:16,archive,,"['L1', 'LB1501', 'LC5201']",,Development of Performance Assessment Instrument in Thematic Learning of 4th Grader Elementary School,show,,9,,,,,,"['Jurusan Pendidikan IPS FKIP Unila', 'Jurusan Ilmu Pendidikan FKIP Unila']","[{'type': 'http://www.loc.gov/loc.terms/relators/REV'}, {'type': 'http://www.loc.gov/loc.terms/relators/REV'}]",,
15,other,['FKIP19'],"[{'name': {'honourific': None, 'family': 'Suntoro', 'lineage': None, 'given': 'Irawan'}}, {'name': {'lineage': None, 'honourific': None, 'family': 'Rini', 'given': 'Riswanti'}}]",,,,1970-01-01 00:00:00.000002020,disk0/00/02/26/28,2020-06-18 06:48:16,825,2020-06-18 06:48:16,,"[{'mime_type': 'application/pdf', 'language': 'en', 'security': 'public', 'placement': 1, 'eprintid': 22628, 'rev_number': 1, 'uri': 'http://repository.lppm.unila.ac.id/id/document/36100', 'format': 'text', 'pos': 1, 'files': [{'datasetid': 'document', 'filesize': 745041, 'mime_type': 'application/pdf', 'fileid': 207525, 'filename': '04 DEV OF PROBLEM BASED.pdf', 'hash': '2c5c36101bb7c64f7a9ec0c83de4ed5e', 'mtime': '2020-06-18 06:41:28', 'hash_type': 'MD5', 'objectid': 36100, 'uri': 'http://repository.lppm.unila.ac.id/id/file/207525'}], 'main': '04 DEV OF PROBLEM BASED.pdf', 'docid': 36100}]",FKIP Unila,unpub,,,http://repository.lppm.unila.ac.id/id/eprint/22628,public,22628,,,2020-06-18 06:48:16,archive,,"['L1', 'LB1501', 'LC5201']",,Development of Problem Based Learning Model Learner Worksheet To Improve Critical Thinking Ability,show,,9,,,,,,"['Jurusan Pendidikan IPS FKIP Unila', 'Jurusan Ilmu Pendidikan FKIP Unila']","[{'type': 'http://www.loc.gov/loc.terms/relators/REV'}, {'type': 'http://www.loc.gov/loc.terms/relators/REV'}]",,
16,other,['FKIP19'],"[{'name': {'family': 'Suntoro', 'honourific': None, 'lineage': None, 'given': 'Irawan'}}, {'name': {'given': 'Riswanti', 'family': 'Rini', 'honourific': None, 'lineage': None}}]",,,,1970-01-01 00:00:00.000002020,disk0/00/02/26/34,2020-06-18 07:00:39,825,2020-06-18 07:00:39,,"[{'eprintid': 22634, 'placement': 1, 'security': 'public', 'language': 'en', 'mime_type': 'application/pdf', 'docid': 36106, 'main': '09 THE DEV OF STUDENTS WORKSHEET.pdf', 'files': [{'objectid': 36106, 'uri': 'http://repository.lppm.unila.ac.id/id/file/207580', 'fileid': 207580, 'mime_type': 'application/pdf', 'hash_type': 'MD5', 'mtime': '2020-06-18 06:55:57', 'filename': '09 THE DEV OF STUDENTS WORKSHEET.pdf', 'hash': 'febb51219b15281e042eebfdb0411c85', 'datasetid': 'document', 'filesize': 651165}], 'pos': 1, 'format': 'text', 'rev_number': 1, 'uri': 'http://repository.lppm.unila.ac.id/id/document/36106'}]",FKIP Unila,unpub,,,http://repository.lppm.unila.ac.id/id/eprint/22634,public,22634,,,2020-06-18 07:00:39,archive,,"['L1', 'LB1501', 'LC5201']",,The Development of Student Worksheets Based on Discovery Learning Subtema Utilizing Natural Wealth in Indonesia in Fourth Grade Elementary Schools,show,,9,,,,,,"['Jurusan Pendidikan IPS FKIP Unila', 'Jurusan Ilmu Pendidikan FKIP Unila']","[{'type': 'http://www.loc.gov/loc.terms/relators/REV'}, {'type': 'http://www.loc.gov/loc.terms/relators/REV'}]",,
17,other,['FKIP19'],"[{'name': {'given': 'Irawan', 'lineage': None, 'family': 'Suntoro', 'honourific': None}}, {'name': {'given': 'Riswanti', 'lineage': None, 'family': 'Rini', 'honourific': None}}]",,,,1970-01-01 00:00:00.000002020,disk0/00/02/26/36,2020-06-18 07:34:02,825,2020-06-18 07:34:02,,"[{'mime_type': 'application/pdf', 'language': 'en', 'eprintid': 22636, 'placement': 1, 'security': 'public', 'pos': 1, 'format': 'text', 'uri': 'http://repository.lppm.unila.ac.id/id/document/36108', 'rev_number': 1, 'docid': 36108, 'main': '11 THE DEV OF STUDENTS WORKSHEET.pdf', 'files': [{'filesize': 751039, 'datasetid': 'document', 'filename': '11 THE DEV OF STUDENTS WORKSHEET.pdf', 'hash': 'edea98d1e1eb9786bef0c614b5f8287c', 'hash_type': 'MD5', 'mtime': '2020-06-18 07:02:44', 'mime_type': 'application/pdf', 'fileid': 207605, 'uri': 'http://repository.lppm.unila.ac.id/id/file/207605', 'objectid': 36108}]}, {'language': 'en', 'mime_type': 'application/pdf', 'eprintid': 22636, 'security': 'public', 'placement': 2, 'format': 'text', 'pos': 2, 'rev_number': 1, 'uri': 'http://repository.lppm.unila.ac.id/id/document/36109', 'docid': 36109, 'main': '11 THE DEV OF STUDENTS WORKSHEET.pdf', 'files': [{'objectid': 36109, 'uri': 'http://repository.lppm.unila.ac.id/id/file/207607', 'datasetid': 'document', 'filesize': 751039, 'mime_type': 'application/pdf', 'fileid': 207607, 'filename': '11 THE DEV OF STUDENTS WORKSHEET.pdf', 'hash': 'edea98d1e1eb9786bef0c614b5f8287c', 'mtime': '2020-06-18 07:03:56', 'hash_type': 'MD5'}]}]",FKIP Unila,unpub,,,http://repository.lppm.unila.ac.id/id/eprint/22636,public,22636,,,2020-06-18 07:34:02,archive,,"['L1', 'LB1501', 'LC5201']",,The Development of Student Worksheets in the Project Based Learning Model Oriented Project Assessment in the Thematic Learning in Fourth Grade of Elementary School,show,,10,,,,,,"['Jurusan Pendidikan IPS FKIP Unila', 'Jurusan Ilmu Pendidikan FKIP Unila']","[{'type': 'http://www.loc.gov/loc.terms/relators/REV'}, {'type': 'http://www.loc.gov/loc.terms/relators/REV'}]",,
18,other,['FKIP19'],"[{'name': {'given': 'Irawan', 'honourific': None, 'family': 'Suntoro', 'lineage': None}}, {'name': {'given': 'Riswanti', 'honourific': None, 'family': 'Rini', 'lineage': None}}]",,,,1970-01-01 00:00:00.000002020,disk0/00/02/26/32,2020-06-18 06:54:43,825,2020-06-18 06:54:43,,"[{'language': 'en', 'mime_type': 'application/pdf', 'placement': 1, 'security': 'public', 'eprintid': 22632, 'rev_number': 1, 'uri': 'http://repository.lppm.unila.ac.id/id/document/36104', 'pos': 1, 'format': 'text', 'files': [{'mime_type': 'application/pdf', 'fileid': 207567, 'hash': '289f0a39322e6a18d79c5e7ac1342c3d', 'filename': '08 THE DEV OF STUDENTS.pdf', 'mtime': '2020-06-18 06:51:40', 'hash_type': 'MD5', 'datasetid': 'document', 'filesize': 653010, 'objectid': 36104, 'uri': 'http://repository.lppm.unila.ac.id/id/file/207567'}], 'docid': 36104, 'main': '08 THE DEV OF STUDENTS.pdf'}]",FKIP Unila,unpub,,,http://repository.lppm.unila.ac.id/id/eprint/22632,public,22632,,,2020-06-18 06:54:43,archive,,"['L1', 'LB1501', 'LC5201']",,Development of Students Worksheets Based on Discovery Learning in Thematic Learning for 4th Grader Elementary School,show,,9,,,,,,"['Jurusan Pendidikan IPS FKIP Unila', 'Jurusan Ilmu Pendidikan FKIP Unila']","[{'type': 'http://www.loc.gov/loc.terms/relators/REV'}, {'type': 'http://www.loc.gov/loc.terms/relators/REV'}]",,
19,other,['FKIP19'],"[{'name': {'honourific': None, 'family': 'Suntoro', 'lineage': None, 'given': 'Irawan'}}, {'name': {'given': 'Riswanti', 'honourific': None, 'family': 'Rini', 'lineage': None}}]",,,,1970-01-01 00:00:00.000002020,disk0/00/02/26/37,2020-06-18 07:34:08,825,2020-06-18 07:34:08,,"[{'eprintid': 22637, 'placement': 1, 'security': 'public', 'mime_type': 'application/pdf', 'language': 'en', 'main': '12 THE DEV OF STUDENTS WORKSHEET.pdf', 'docid': 36110, 'files': [{'objectid': 36110, 'uri': 'http://repository.lppm.unila.ac.id/id/file/207616', 'datasetid': 'document', 'filesize': 747398, 'fileid': 207616, 'mime_type': 'application/pdf', 'mtime': '2020-06-18 07:06:37', 'hash_type': 'MD5', 'filename': '12 THE DEV OF STUDENTS WORKSHEET.pdf', 'hash': '69e73fea3debed543c2903ac47b7438a'}], 'pos': 1, 'format': 'text', 'rev_number': 1, 'uri': 'http://repository.lppm.unila.ac.id/id/document/36110'}]",FKIP Unila,unpub,,,http://repository.lppm.unila.ac.id/id/eprint/22637,public,22637,,,2020-06-18 07:34:08,archive,,"['L1', 'LB1501', 'LC5201']",,The Development of Students’ Worksheet Based on Pictorial Riddle Model to Improve Critical Thinking Ability in Elementary School.,show,,9,,,,,,"['Jurusan Pendidikan IPS FKIP Unila', 'Jurusan Ilmu Pendidikan FKIP Unila']","[{'type': 'http://www.loc.gov/loc.terms/relators/REV'}, {'type': 'http://www.loc.gov/loc.terms/relators/REV'}]",,
20,other,['FKIP19'],"[{'name': {'given': 'Irawan', 'honourific': None, 'family': 'Suntoro', 'lineage': None}}, {'name': {'honourific': None, 'family': 'Rini', 'lineage': None, 'given': 'Riswanti'}}]",,,,1970-01-01 00:00:00.000002020,disk0/00/02/26/26,2020-06-18 06:41:26,825,2020-06-18 06:41:26,,,FKIP Unila,unpub,,,http://repository.lppm.unila.ac.id/id/eprint/22626,none,22626,,,2020-06-18 06:41:26,archive,,"['L1', 'LB1501', 'LC5201']",,Development of Students’ Worksheet Based on Quantum Learning to Improve Students’ Critical Thinking Ability in 5th Grade Elementary School,show,,8,,,,,,"['Jurusan Pendidikan IPS FKIP Unila', 'Jurusan Ilmu Pendidikan FKIP Unila']","[{'type': 'http://www.loc.gov/loc.terms/relators/REV'}, {'type': 'http://www.loc.gov/loc.terms/relators/REV'}]",,
21,other,['FKIP19'],"[{'name': {'lineage': None, 'honourific': None, 'family': 'Suntoro', 'given': 'Irawan'}}, {'name': {'given': 'Riswanti', 'lineage': None, 'honourific': None, 'family': 'Rini'}}]",,,,1970-01-01 00:00:00.000002020,disk0/00/02/26/35,2020-06-18 07:00:42,825,2020-06-18 07:00:42,,"[{'format': 'text', 'pos': 1, 'rev_number': 1, 'uri': 'http://repository.lppm.unila.ac.id/id/document/36107', 'docid': 36107, 'main': '10 THE DEV OF STUDENTS.pdf', 'files': [{'filesize': 762954, 'datasetid': 'document', 'hash': 'bbdc2e843c3aea4fa4c68fd2778689ba', 'filename': '10 THE DEV OF STUDENTS.pdf', 'hash_type': 'MD5', 'mtime': '2020-06-18 06:58:23', 'mime_type': 'application/pdf', 'fileid': 207589, 'uri': 'http://repository.lppm.unila.ac.id/id/file/207589', 'objectid': 36107}], 'mime_type': 'application/pdf', 'language': 'en', 'eprintid': 22635, 'security': 'public', 'placement': 1}]",FKIP Unila,unpub,,,http://repository.lppm.unila.ac.id/id/eprint/22635,public,22635,,,2020-06-18 07:00:42,archive,,"['L1', 'LB1501', 'LC5201']",,The Development of Students’ Worksheet Based on Reciprocal Teaching Models to Improve Critical Thinking Ability in Elementary School.,show,,9,,,,,,"['Jurusan Pendidikan IPS FKIP Unila', 'Jurusan Ilmu Pendidikan FKIP Unila']","[{'type': 'http://www.loc.gov/loc.terms/relators/REV'}, {'type': 'http://www.loc.gov/loc.terms/relators/REV'}]",,
22,other,['FKIP19'],"[{'name': {'given': 'Irawan', 'family': 'Suntoro', 'honourific': None, 'lineage': None}}, {'name': {'lineage': None, 'honourific': None, 'family': 'Rini', 'given': 'Riswanti'}}]",,,,1970-01-01 00:00:00.000002020,disk0/00/02/26/31,2020-06-18 06:51:08,825,2020-06-18 06:51:08,,"[{'eprintid': 22631, 'security': 'public', 'placement': 1, 'language': 'en', 'mime_type': 'application/pdf', 'main': '07 THE DEV OF SUPPLEMENTARY.pdf', 'docid': 36103, 'files': [{'mime_type': 'application/pdf', 'fileid': 207557, 'filename': '07 THE DEV OF SUPPLEMENTARY.pdf', 'hash': '4de8535e1600ce0a0fc8aae5fd4c07bd', 'mtime': '2020-06-18 06:48:58', 'hash_type': 'MD5', 'datasetid': 'document', 'filesize': 665763, 'objectid': 36103, 'uri': 'http://repository.lppm.unila.ac.id/id/file/207557'}], 'format': 'text', 'pos': 1, 'rev_number': 1, 'uri': 'http://repository.lppm.unila.ac.id/id/document/36103'}]",FKIP Unila,unpub,,,http://repository.lppm.unila.ac.id/id/eprint/22631,public,22631,,,2020-06-18 06:51:08,archive,,"['L1', 'LB1501', 'LC5201']",,The Development of Supplementary Textbooks Basedon Local Wisdom With Inquiry Learning Model to Improve Critical Thinking Ability in Elemenary School,show,,9,,,,,,"['Jurusan Pendidikan IPS FKIP Unila', 'Jurusan Ilmu Pendidikan FKIP Unila']","[{'type': 'http://www.loc.gov/loc.terms/relators/REV'}, {'type': 'http://www.loc.gov/loc.terms/relators/REV'}]",,
23,other,['FKIP19'],"[{'name': {'family': 'Suntoro', 'honourific': None, 'lineage': None, 'given': 'Irawan'}}, {'name': {'honourific': None, 'family': 'Rini', 'lineage': None, 'given': 'Riswanti'}}]",,,,1970-01-01 00:00:00.000002020,disk0/00/02/26/30,2020-06-18 06:48:23,825,2020-06-18 06:48:23,,"[{'language': 'en', 'mime_type': 'application/pdf', 'security': 'public', 'placement': 1, 'eprintid': 22630, 'rev_number': 1, 'uri': 'http://repository.lppm.unila.ac.id/id/document/36102', 'format': 'text', 'pos': 1, 'files': [{'mime_type': 'application/pdf', 'fileid': 207545, 'hash': '4d8acc15adb33660fd304266cfa9e00a', 'filename': '06 DEV OF THEMATIC.pdf', 'hash_type': 'MD5', 'mtime': '2020-06-18 06:46:01', 'datasetid': 'document', 'filesize': 722553, 'objectid': 36102, 'uri': 'http://repository.lppm.unila.ac.id/id/file/207545'}], 'main': '06 DEV OF THEMATIC.pdf', 'docid': 36102}]",FKIP Unila,unpub,,,http://repository.lppm.unila.ac.id/id/eprint/22630,public,22630,,,2020-06-18 06:48:23,archive,,"['L1', 'LB1501', 'LC5201']",,Development of Thematic Textbook Based on Nation Culture and Character for 4th Grader Student,show,,9,,,,,,"['Jurusan Pendidikan IPS FKIP Unila', 'Jurusan Ilmu Pendidikan FKIP Unila']","[{'type': 'http://www.loc.gov/loc.terms/relators/REV'}, {'type': 'http://www.loc.gov/loc.terms/relators/REV'}]",,
24,other,['FKIP19'],"[{'name': {'lineage': None, 'honourific': None, 'family': 'Suntoro', 'given': 'Irawan'}}, {'name': {'honourific': None, 'family': 'Rini', 'lineage': None, 'given': 'Riswanti'}}]",,,,1970-01-01 00:00:00.000002020,disk0/00/02/26/41,2020-06-18 07:34:24,825,2020-06-18 07:34:24,,"[{'format': 'text', 'pos': 1, 'rev_number': 1, 'uri': 'http://repository.lppm.unila.ac.id/id/document/36114', 'docid': 36114, 'main': '16 EFEKTIFITAS.pdf', 'files': [{'uri': 'http://repository.lppm.unila.ac.id/id/file/207653', 'objectid': 36114, 'hash': '5469ffda4a4806ed5c3f6d9b479379ac', 'filename': '16 EFEKTIFITAS.pdf', 'hash_type': 'MD5', 'mtime': '2020-06-18 07:22:40', 'mime_type': 'application/pdf', 'fileid': 207653, 'filesize': 723540, 'datasetid': 'document'}], 'mime_type': 'application/pdf', 'language': 'en', 'eprintid': 22641, 'security': 'public', 'placement': 1}]",FKIP Unila,unpub,,,http://repository.lppm.unila.ac.id/id/eprint/22641,public,22641,,,2020-06-18 07:34:24,archive,,"['L1', 'LB1501', 'LC', 'LC5201']",,Efektivitas Implementasi Pilar Manajemen Berbasis Sekolah Di Sekolah Dasar Provinsi Lampung,show,,10,,,,,,,"[{'type': 'http://www.loc.gov/loc.terms/relators/REV'}, {'type': 'http://www.loc.gov/loc.terms/relators/REV'}]",,
25,other,['FKIP19'],"[{'name': {'lineage': None, 'honourific': None, 'family': 'Suntoro', 'given': 'Irawan'}}, {'name': {'honourific': None, 'family': 'Rini', 'lineage': None, 'given': 'Riswanti'}}]",,,,1970-01-01 00:00:00.000002020,disk0/00/02/26/43,2020-06-18 07:34:33,825,2020-06-18 07:34:33,,"[{'language': 'en', 'mime_type': 'application/pdf', 'eprintid': 22643, 'security': 'public', 'placement': 1, 'format': 'text', 'pos': 1, 'uri': 'http://repository.lppm.unila.ac.id/id/document/36116', 'rev_number': 1, 'docid': 36116, 'main': '18 EFEKTIFITAS PERAN.pdf', 'files': [{'datasetid': 'document', 'filesize': 730602, 'fileid': 207672, 'mime_type': 'application/pdf', 'hash_type': 'MD5', 'mtime': '2020-06-18 07:28:15', 'hash': '77d7a8060e4cc8ff2c39d5db51991c5e', 'filename': '18 EFEKTIFITAS PERAN.pdf', 'objectid': 36116, 'uri': 'http://repository.lppm.unila.ac.id/id/file/207672'}]}]",FKIP Unila,unpub,,,http://repository.lppm.unila.ac.id/id/eprint/22643,public,22643,,,2020-06-18 07:34:33,archive,,"['L1', 'LB1501', 'LC5201']",,Efektivitas Peran dan Fungsi Kepala Sekolah Melaksanakan Program Peningkatan Mutu Pendidikan SD,show,,9,,,,,,"['Jurusan Pendidikan IPS FKIP Unila', 'Jurusan Ilmu Pendidikan FKIP Unila']","[{'type': 'http://www.loc.gov/loc.terms/relators/REV'}, {'type': 'http://www.loc.gov/loc.terms/relators/REV'}]",,
26,other,['FKIP19'],"[{'name': {'lineage': None, 'family': 'Suntoro', 'honourific': None, 'given': 'Irawan'}}, {'name': {'given': 'Riswanti', 'lineage': None, 'family': 'Rini', 'honourific': None}}]",,,,1970-01-01 00:00:00.000002020,disk0/00/02/26/45,2020-06-19 01:47:55,825,2020-06-19 01:47:55,,"[{'docid': 36118, 'main': '20 IMPLEMENTATION BUKU AJAR.pdf', 'files': [{'uri': 'http://repository.lppm.unila.ac.id/id/file/207699', 'objectid': 36118, 'mtime': '2020-06-18 07:35:11', 'hash_type': 'MD5', 'filename': '20 IMPLEMENTATION BUKU AJAR.pdf', 'hash': '2d00ecd1b511d1fcc4fc6687e3dff4bc', 'fileid': 207699, 'mime_type': 'application/pdf', 'filesize': 821380, 'datasetid': 'document'}], 'pos': 1, 'format': 'text', 'uri': 'http://repository.lppm.unila.ac.id/id/document/36118', 'rev_number': 1, 'eprintid': 22645, 'placement': 1, 'security': 'public', 'language': 'en', 'mime_type': 'application/pdf'}]",FKIP Unila,unpub,,,http://repository.lppm.unila.ac.id/id/eprint/22645,public,22645,,,2020-06-19 01:47:55,archive,,"['L1', 'LB1501', 'LC5201']",,Implementasi Buku Ajar IPS Berbasis Model Inkuiri untuk Meningkatkan Hasil Belajar Siswa Kelas IV SD,show,,9,,,,,,"['Jurusan Pendidikan IPS FKIP Unila', 'Jurusan Ilmu Pendidikan FKIP Unila']","[{'type': 'http://www.loc.gov/loc.terms/relators/REV'}, {'type': 'http://www.loc.gov/loc.terms/relators/REV'}]",,
27,other,['FKIP19'],"[{'name': {'given': 'Irawan', 'honourific': None, 'family': 'Suntoro', 'lineage': None}}, {'name': {'given': 'Riswanti', 'family': 'Rini', 'honourific': None, 'lineage': None}}]",,,,1970-01-01 00:00:00.000002020,disk0/00/02/26/48,2020-06-19 01:48:17,825,2020-06-19 01:48:17,,"[{'language': 'en', 'mime_type': 'application/pdf', 'eprintid': 22648, 'placement': 1, 'security': 'public', 'pos': 1, 'format': 'text', 'uri': 'http://repository.lppm.unila.ac.id/id/document/36121', 'rev_number': 1, 'main': '23 IMPLEMENTATION ANALISIS.pdf', 'docid': 36121, 'files': [{'mime_type': 'application/pdf', 'fileid': 207726, 'filename': '23 IMPLEMENTATION ANALISIS.pdf', 'hash': '042bf58107adc7df32b53f1e8f19fc24', 'mtime': '2020-06-18 07:46:47', 'hash_type': 'MD5', 'datasetid': 'document', 'filesize': 799487, 'objectid': 36121, 'uri': 'http://repository.lppm.unila.ac.id/id/file/207726'}]}]",FKIP Unila,unpub,,,http://repository.lppm.unila.ac.id/id/eprint/22648,public,22648,,,2020-06-19 01:48:17,archive,,"['L1', 'LB1501', 'LC5201']",,Implementation Analysis of Creating Learning Communities for Children at Primary School Based Management Program by UNICEF in Lampung Province,show,,9,,,,,,"['Jurusan Pendidikan IPS FKIP Unila', 'Jurusan Ilmu Pendidikan FKIP Unila']","[{'type': 'http://www.loc.gov/loc.terms/relators/REV'}, {'type': 'http://www.loc.gov/loc.terms/relators/REV'}]",,
28,other,['FKIP19'],"[{'name': {'family': 'Suntoro', 'honourific': None, 'lineage': None, 'given': 'Irawan'}}, {'name': {'given': 'Riswanti', 'lineage': None, 'honourific': None, 'family': 'Rini'}}]",,,,1970-01-01 00:00:00.000002020,disk0/00/02/26/50,2020-06-19 01:47:48,825,2020-06-19 01:47:48,,"[{'main': '24 IMPROVING PERFORM.pdf', 'docid': 36122, 'files': [{'hash': '98490fc79131d39296fca74e1ff764e3', 'filename': '24 IMPROVING PERFORM.pdf', 'hash_type': 'MD5', 'mtime': '2020-06-18 07:48:45', 'mime_type': 'application/pdf', 'fileid': 207736, 'filesize': 706743, 'datasetid': 'document', 'uri': 'http://repository.lppm.unila.ac.id/id/file/207736', 'objectid': 36122}], 'pos': 1, 'format': 'text', 'uri': 'http://repository.lppm.unila.ac.id/id/document/36122', 'rev_number': 1, 'eprintid': 22650, 'placement': 1, 'security': 'public', 'language': 'en', 'mime_type': 'application/pdf'}]",FKIP Unila,unpub,,,http://repository.lppm.unila.ac.id/id/eprint/22650,public,22650,,,2020-06-19 01:47:48,archive,,"['L1', 'LB1501', 'LC5201']",,Improving Performance of Teacher Motivation in Basic Education in the Metro City in Lampung Province,show,,9,,,,,,"['Jurusan Pendidikan IPS FKIP Unila', 'Jurusan Ilmu Pendidikan FKIP Unila']","[{'type': 'http://www.loc.gov/loc.terms/relators/REV'}, {'type': 'http://www.loc.gov/loc.terms/relators/REV'}]",,
29,other,['FKIP19'],"[{'name': {'family': 'Suntoro', 'honourific': None, 'lineage': None, 'given': 'Irawan'}}, {'name': {'given': 'Riswanti', 'family': 'Rini', 'honourific': None, 'lineage': None}}]",,,,1970-01-01 00:00:00.000002020,disk0/00/02/26/42,2020-06-18 07:34:28,825,2020-06-18 07:34:28,,"[{'files': [{'mtime': '2020-06-18 07:25:41', 'hash_type': 'MD5', 'filename': '17 PEMBENTUKAN KOPETENSI.pdf', 'hash': '7eff9e598454ddd7bacc55f7e73f347f', 'fileid': 207663, 'mime_type': 'application/pdf', 'filesize': 738472, 'datasetid': 'document', 'uri': 'http://repository.lppm.unila.ac.id/id/file/207663', 'objectid': 36115}], 'main': '17 PEMBENTUKAN KOPETENSI.pdf', 'docid': 36115, 'rev_number': 1, 'uri': 'http://repository.lppm.unila.ac.id/id/document/36115', 'pos': 1, 'format': 'text', 'placement': 1, 'security': 'public', 'eprintid': 22642, 'mime_type': 'application/pdf', 'language': 'en'}]",FKIP Unila,unpub,,,http://repository.lppm.unila.ac.id/id/eprint/22642,public,22642,,,2020-06-18 07:34:28,archive,,"['L1', 'LB1501', 'LC5201']",,Pembentukan Kompetensi Pedagogik dan Profesional Guru SD Melalui Hybrid Learning pada Pendidikan Profesi Guru Dalam Jabatan.,show,,9,,,,,,"['Jurusan Pendidikan IPS FKIP Unila', 'Jurusan Ilmu Pendidikan FKIP Unila']","[{'type': 'http://www.loc.gov/loc.terms/relators/REV'}, {'type': 'http://www.loc.gov/loc.terms/relators/REV'}]",,
30,other,['FKIP19'],"[{'name': {'lineage': None, 'honourific': None, 'family': 'Suntoro', 'given': 'Irawan'}}, {'name': {'given': 'Riswanti', 'lineage': None, 'family': 'Rini', 'honourific': None}}]",,,,1970-01-01 00:00:00.000002020,disk0/00/02/26/46,2020-06-19 01:48:01,825,2020-06-19 01:48:01,,"[{'placement': 1, 'security': 'public', 'eprintid': 22646, 'language': 'en', 'mime_type': 'application/pdf', 'files': [{'datasetid': 'document', 'filesize': 816875, 'mime_type': 'application/pdf', 'fileid': 207708, 'hash': 'b794c5341e13f1b650eaf6bf3ff1b74d', 'filename': '21 PENGEMBANGAN INSTRUMEN.pdf', 'hash_type': 'MD5', 'mtime': '2020-06-18 07:37:51', 'objectid': 36119, 'uri': 'http://repository.lppm.unila.ac.id/id/file/207708'}], 'main': '21 PENGEMBANGAN INSTRUMEN.pdf', 'docid': 36119, 'uri': 'http://repository.lppm.unila.ac.id/id/document/36119', 'rev_number': 1, 'pos': 1, 'format': 'text'}]",FKIP Unila,unpub,,,http://repository.lppm.unila.ac.id/id/eprint/22646,public,22646,,,2020-06-19 01:48:01,archive,,"['L1', 'LB1501', 'LC5201']",,Pengembangan Instrumen Penilaian Tematik Berbasis Higher Order Thinking untuk Peserta Didik Kelas III SD,show,,9,,,,,,"['Jurusan Pendidikan IPS FKIP Unila', 'Jurusan Ilmu Pendidikan FKIP Unila']","[{'type': 'http://www.loc.gov/loc.terms/relators/REV'}, {'type': 'http://www.loc.gov/loc.terms/relators/REV'}]",,
31,other,['FKIP19'],"[{'name': {'given': 'Irawan', 'lineage': None, 'family': 'Suntoro', 'honourific': None}}, {'name': {'given': 'Riswanti', 'lineage': None, 'family': 'Rini', 'honourific': None}}]",,,,1970-01-01 00:00:00.000002020,disk0/00/02/26/40,2020-06-18 07:34:20,825,2020-06-18 07:34:20,,"[{'main': '15 PENGEMBANGAN.pdf', 'docid': 36113, 'files': [{'objectid': 36113, 'uri': 'http://repository.lppm.unila.ac.id/id/file/207644', 'datasetid': 'document', 'filesize': 759933, 'fileid': 207644, 'mime_type': 'application/pdf', 'hash_type': 'MD5', 'mtime': '2020-06-18 07:19:18', 'hash': '34d0f9a47c05ef3be7564f240d842bee', 'filename': '15 PENGEMBANGAN.pdf'}], 'pos': 1, 'format': 'text', 'uri': 'http://repository.lppm.unila.ac.id/id/document/36113', 'rev_number': 1, 'eprintid': 22640, 'placement': 1, 'security': 'public', 'mime_type': 'application/pdf', 'language': 'en'}]",FKIP Unila,unpub,,,http://repository.lppm.unila.ac.id/id/eprint/22640,public,22640,,,2020-06-18 07:34:20,archive,,"['L1', 'LB1501', 'LC5201']",,"Pengembangan Model Realistic Mathematics Education pada Pembelajaran Operasi Bilangan Bulat, KPK, dan FBB di SD",show,,9,,,,,,,"[{'type': 'http://www.loc.gov/loc.terms/relators/REV'}, {'type': 'http://www.loc.gov/loc.terms/relators/REV'}]",,
32,other,['FKIP19'],"[{'name': {'given': 'Irawan', 'family': 'Suntoro', 'honourific': None, 'lineage': None}}, {'name': {'given': 'Riswanti', 'lineage': None, 'honourific': None, 'family': 'Rini'}}]",,,,1970-01-01 00:00:00.000002020,disk0/00/02/26/44,2020-06-18 07:34:39,825,2020-06-18 07:34:39,,"[{'files': [{'objectid': 36117, 'uri': 'http://repository.lppm.unila.ac.id/id/file/207681', 'datasetid': 'document', 'filesize': 664934, 'fileid': 207681, 'mime_type': 'application/pdf', 'hash_type': 'MD5', 'mtime': '2020-06-18 07:30:14', 'hash': '0348add2825113ee7aa4307be3418cc5', 'filename': '19 PENINGKATAN AKTIVITAS.pdf'}], 'docid': 36117, 'main': '19 PENINGKATAN AKTIVITAS.pdf', 'rev_number': 1, 'uri': 'http://repository.lppm.unila.ac.id/id/document/36117', 'pos': 1, 'format': 'text', 'placement': 1, 'security': 'public', 'eprintid': 22644, 'mime_type': 'application/pdf', 'language': 'en'}]",FKIP Unila,unpub,,,http://repository.lppm.unila.ac.id/id/eprint/22644,public,22644,,,2020-06-18 07:34:39,archive,,"['L1', 'LB1501', 'LC5201']",,Peningkatan Aktivitas Dan Hasil Belajar Matematika Melalui Strategi Problem Solving Pada Siswa Sekolah Dasa,show,,9,,,,,,"['Jurusan Pendidikan IPS FKIP Unila', 'Jurusan Ilmu Pendidikan FKIP Unila']","[{'type': 'http://www.loc.gov/loc.terms/relators/REV'}, {'type': 'http://www.loc.gov/loc.terms/relators/REV'}]",,
33,other,['FKIP19'],"[{'name': {'given': 'Irawan', 'honourific': None, 'family': 'Suntoro', 'lineage': None}}, {'name': {'given': 'Riswanti', 'honourific': None, 'family': 'Rini', 'lineage': None}}]",,,,1970-01-01 00:00:00.000002020,disk0/00/02/26/29,2020-06-18 06:48:20,825,2020-06-18 06:48:20,,"[{'rev_number': 1, 'uri': 'http://repository.lppm.unila.ac.id/id/document/36101', 'pos': 1, 'format': 'text', 'files': [{'mime_type': 'application/pdf', 'fileid': 207536, 'filename': '05 USING WORKSHEET.pdf', 'hash': '77f4b7ee04f0957b3777815ebf688e51', 'mtime': '2020-06-18 06:43:23', 'hash_type': 'MD5', 'datasetid': 'document', 'filesize': 725700, 'objectid': 36101, 'uri': 'http://repository.lppm.unila.ac.id/id/file/207536'}], 'docid': 36101, 'main': '05 USING WORKSHEET.pdf', 'language': 'en', 'mime_type': 'application/pdf', 'placement': 1, 'security': 'public', 'eprintid': 22629}]",FKIP Unila,unpub,,,http://repository.lppm.unila.ac.id/id/eprint/22629,public,22629,,,2020-06-18 06:48:20,archive,,"['L1', 'LB1501', 'LC5201']",,Using Worksheets in Integrated Thematic Instruction at Elementary Schools,show,,9,,,,,,"['Jurusan Pendidikan IPS FKIP Unila', 'Jurusan Ilmu Pendidikan FKIP Unila']","[{'type': 'http://www.loc.gov/loc.terms/relators/REV'}, {'type': 'http://www.loc.gov/loc.terms/relators/REV'}]",,
34,article,['FKIP19'],"[{'name': {'honourific': None, 'family': 'Ujang', 'lineage': None, 'given': 'Efendi'}, 'id': 'ujang.efendi@fkip.unila.ac.id'}]",e-ISSN: 2716-4616 | p-ISSN 2302-1772,Jurnal Manajemen Mutu Pendidikan,,2020-11-28 00:00:00.000000000,disk0/00/04/67/93,2022-11-22 07:17:56,19920,2022-11-22 07:17:56,94-104,"[{'uri': 'http://repository.lppm.unila.ac.id/id/document/185713', 'rev_number': 1, 'format': 'text', 'pos': 1, 'files': [{'objectid': 185713, 'uri': 'http://repository.lppm.unila.ac.id/id/file/515154', 'datasetid': 'document', 'filesize': 287236, 'mime_type': 'application/pdf', 'fileid': 515154, 'hash': '1166b3c2ebaa5bab5c36d579c3760d36', 'filename': 'Artikel Ujang Efendi.pdf', 'mtime': '2022-11-22 06:25:00', 'hash_type': 'MD5'}], 'docid': 185713, 'main': 'Artikel Ujang Efendi.pdf', 'language': 'en', 'mime_type': 'application/pdf', 'security': 'public', 'placement': 1, 'eprintid': 46793}]",FKIP Unila,pub,3.0,TRUE,http://repository.lppm.unila.ac.id/id/eprint/46793,public,46793,published,"[{'url': 'http://jurnal.fkip.unila.ac.id/index.php/JMMP/index', 'type': 'pub'}]",2022-11-22 07:17:56,archive,"Educators Communication with Parents in Increasing the Activities and 
Learning Achievement of students in Primary Schools. This study aims to describe the 
communication between educators and parents in increasing the activity and learning achievement 
of students. The research used is descriptive qualitative case study method. Data collection 
techniques through interviews, questionnaires, and documentation. Data analysis techniques used 
steps of data reduction, data presentation, and conclusion (verification). The results showed that 
1) communication between educators and parents through official meetings at school, home visits, 
periodic reports, educators' attitudes to parents and communication outside of school via cell 
phones, 2) communication barriers between educators and parents, including busyness. parents, 
misunderstanding, slow response, difficult signal constraints, lack of focus, distance from home 
to school, feeling shy and reluctant, and lack of understanding of the content of the conversation, 
3) efforts to overcome communication barriers.",['L1'],http://jurnal.fkip.unila.ac.id/index.php/JMMP/index,"Educators Communication with Parents in Increasing the 
Activities and Learning Achievement of Students in Primary 
Schools",show,8.0,8,,,,,,,"[{'name': {'given': 'Efendi', 'lineage': None, 'family': 'Ujang', 'honourific': None}, 'type': 'http://www.loc.gov/loc.terms/relators/AUT', 'id': 'ujang.efendi@fkip.unila.ac.id'}]",,
35,conference_item,['FKIP19'],"[{'id': 'ikawulandariutaminingtias24@gmail.com', 'name': {'given': 'ika', 'lineage': None, 'honourific': None, 'family': 'wulandari utamining tias'}}, {'name': {'family': 'Ramadhan', 'honourific': None, 'lineage': None, 'given': 'Muhammad'}, 'id': 'ramadhanmuhammad06@gmail.com'}]",,,,2020-01-16 00:00:00.000000000,disk0/00/02/18/51,2020-06-04 14:13:06,4412,2020-06-04 14:13:06,388-399,"[{'security': 'public', 'placement': 1, 'eprintid': 21851, 'mime_type': 'application/pdf', 'language': 'en', 'files': [{'filesize': 618342, 'datasetid': 'document', 'mtime': '2020-06-04 13:13:38', 'hash_type': 'MD5', 'hash': '35c98c1daab95d5550bd65bbd98da264', 'filename': 'PROSIDING SEMNAS FKIP 2020_IKA.pdf', 'fileid': 202045, 'mime_type': 'application/pdf', 'uri': 'http://repository.lppm.unila.ac.id/id/file/202045', 'objectid': 35269}], 'docid': 35269, 'main': 'PROSIDING SEMNAS FKIP 2020_IKA.pdf', 'uri': 'http://repository.lppm.unila.ac.id/id/document/35269', 'rev_number': 1, 'format': 'text', 'pos': 1}]",,pub,,TRUE,http://repository.lppm.unila.ac.id/id/eprint/21851,public,21851,published,[{'url': 'https://drive.google.com/file/d/1Lhc4O1XNRh4Ee7pWpU8auQ5vZCWVIKni/view'}],2020-06-04 14:13:06,archive,"Abstrak: Hubungan Keterampilan Mengajar Kelompok Kecil dan Gaya Mengajar dengan Hasil Belajar Matematika Kelas IV SD. Tujuan penelitian ininadalah untuk mengetahui hubungan positif dan signifikan keterampilan mengajar
kelompok kecil dengan hasil belajar, gaya mengajar pendidik dengan hasil belajar, keterampilan mengajar kelompok kecil dengan gaya mengajar pendidik, serta
keterampilan mengajar kelompok kecil dan gaya mengajar pendidik dengan hasil belajar matematika kelas IV SD Negeri 1 Pugung Raharjo. Jenis penelitian yaitu ex-postfacto korelasi. Teknik pengumpulan data dengan observasi, studi dokumentasi, dan angket. Instrumen pengumpul data berupa angket dengan skala Likert yang diuji validitas dan reliabilitas. Analisis data menggunakan korelasi product moment dan multiple correlation. Hasil penelitian menunjukkan terdapat
hubungan yang positif dan signifikan keterampilan mengajar kelompok kecil dengan hasil belajar, gaya mengajar pendidik dengan hasil belajar, keterampilan
mengajar kelompok kecil dengan gaya mengajar pendidik, serta keterampilan mengajar kelompok kecil dan gaya mengajar pendidik dengan hasil belajar.
Kata kunci: gaya mengajar, keterampilan mengajar, matematika",['LB1501'],http://semnaspend.fkip.unila.ac.id/2019/08/14/prosiding/,"Hubungan Keterampilan Mengajar Kelompok Kecil dan Gaya
Mengajar dengan Hasil Belajar Matematika Kelas IV SD",show,,8,SEMINAR NASIONAL PENDIDIKAN FAKULTAS KEGURUAN DAN ILMU PENDIDIKAN “PEMBELAJARAN ABAD 21: MENCAPAI KOMPETENSI PENDIDIKAN  GENERASI EMAS 2045”,Bandar Lampung,16 Januari 2020,conference,paper,,,,
36,conference_item,['FKIP19'],"[{'name': {'lineage': None, 'honourific': None, 'family': 'wulandari utamining tias', 'given': 'ika'}, 'id': 'ikawulandariutaminingtias24@gmail.com'}, {'id': None, 'name': {'given': 'amrina', 'family': 'izzatika', 'honourific': None, 'lineage': None}}]",,,,1970-01-01 00:00:00.000002020,disk0/00/03/16/77,2021-06-02 04:34:09,4412,2021-06-02 04:34:09,,"[{'docid': 143427, 'main': 'Book of Abstracts ICOPE2020.pdf', 'files': [{'mime_type': 'application/pdf', 'fileid': 375310, 'filename': 'Book of Abstracts ICOPE2020.pdf', 'hash': '44d106744e1f62c4e6b142b10a60d596', 'mtime': '2021-06-02 03:44:19', 'hash_type': 'MD5', 'datasetid': 'document', 'filesize': 2146043, 'objectid': 143427, 'uri': 'http://repository.lppm.unila.ac.id/id/file/375310'}], 'pos': 1, 'format': 'text', 'rev_number': 1, 'uri': 'http://repository.lppm.unila.ac.id/id/document/143427', 'eprintid': 31677, 'placement': 1, 'security': 'public', 'mime_type': 'application/pdf', 'language': 'en'}]",,unpub,,TRUE,http://repository.lppm.unila.ac.id/id/eprint/31677,public,31677,,,2021-06-02 04:34:09,archive,"This paper attempted to analyze the initial scientific literacy skills of students of the
PGSD FKIP University of Lampung. A quantitative research design with a descriptive method
design was performed. It was conducted in campus B FKIP University of Lampung. The
subjects of this study were the third semester students of PGSD Campus B FKIP University of
Lampung. There were 51 students. A scientific literacy test was administered as instrument.
There were 20 questions on the scientific literacy test in the form of multiple choice questions.
Based on the results of the research and data analysis obtained from this study, it can be
concluded that the results of the analysis show that the scientific literacy skills of students who
have initial literacy abilities are less than those who have not. The percentage of students who
achieved initial scientific literacy skills was 45.09%, while those who had not reached the level
of 54.90%.",['L1'],http://icope.fkip.unila.ac.id,"Analysis of preliminary science literation of
PGSD students in Metro",show,,8,The 2 nd International Conference on Progressive Education (ICOPE 2020),Bandar Lampung,"October, 17 2020",conference,speech,,,,
37,article,['FKIP19'],"[{'name': {'lineage': None, 'honourific': None, 'family': 'wulandari utamining tias', 'given': 'ika'}, 'id': 'ikawulandariutaminingtias24@gmail.com'}, {'name': {'given': 'bella dwi', 'family': 'putri', 'honourific': None, 'lineage': None}, 'id': None}, {'name': {'lineage': None, 'family': 'Pratiwi', 'honourific': None, 'given': 'Dian'}, 'id': None}]",2580-1147,Jurnal Basicedu Journal of Elementary Education,,2020-10-31 00:00:00.000000000,disk0/00/02/44/67,2020-11-05 01:06:04,4412,2020-11-05 01:06:04,1315-1325,"[{'language': 'en', 'mime_type': 'application/pdf', 'placement': 1, 'security': 'public', 'eprintid': 24467, 'rev_number': 1, 'uri': 'http://repository.lppm.unila.ac.id/id/document/38207', 'pos': 1, 'format': 'text', 'files': [{'objectid': 38207, 'uri': 'http://repository.lppm.unila.ac.id/id/file/222469', 'datasetid': 'document', 'filesize': 254387, 'mime_type': 'application/pdf', 'fileid': 222469, 'filename': '553-2061-1-PB.pdf', 'hash': 'f7ef3995f9e128cbb85310477b77b54a', 'hash_type': 'MD5', 'mtime': '2020-11-02 23:22:59'}], 'docid': 38207, 'main': '553-2061-1-PB.pdf'}]",Elementary Teacher Educatin Departement University of Pahlawan Tuanku Tambusai,pub,4.0,TRUE,http://repository.lppm.unila.ac.id/id/eprint/24467,public,24467,published,[{'url': 'https://jbasic.org/index.php/basicedu/article/view/553/pdf'}],2020-11-05 01:06:04,archive,"Penelitian ini bertujuan untuk mengetahui pengaruh yang signifikan pada penerapan strategi index card match
terhadap hasil belajar tematik peserta didik kelas IV SD Negeri 8 Metro Timur. Penelitian ini menggunakan
jenis penelitian eskperimen. Desain penelitian yang digunakan yaitu non-equivalent control group design.
Populasi penelitian berjumlah 40 orang peserta didik. Sampel penelitian ditentukan menggunakan sampel jenuh
dengan jumlah 40 orang peserta didik. Teknik pengumpulan data dilakukan dengan teknik tes dan non tes.
Hasil penelitian menunjukkan terdapat pengaruh yang signifikan pada penerapan strategi index card match
terhadap hasil belajar dengan N-Gain 0,56 termasuk dalam kategori “sedang” yang ditunjukkan dengan
pengujian hipotesis menggunakan rumus t-test pooled varians.
Kata kunci: hasil belajar tematik, index card match","['L1', 'LB1501']",https://jbasic.org/index.php/basicedu/index,"Pengaruh Strategi Pembelajaran Aktif Tipe Index Card Match Terhadap Hasil Belajar Peserta
Didik di Sekolah Dasar",show,4.0,7,,,,,,,,,
